PassengerId,survived,class,sex,age,fare,deck,embarked,family_size,married,with_spouse,with_dependants,socialite,fare_bracket,age_bracket,set
1,0,3,0,22,7.25,NA,S,1,1,1,0,0,low,adult,train
2,1,1,1,38,71.2833,C,C,1,1,1,0,0,med,adult,train
3,1,3,1,26,7.925,NA,S,0,0,0,0,0,low,adult,train
4,1,1,1,35,53.1,C,S,1,1,1,0,0,med,adult,train
5,0,3,0,35,8.05,NA,S,0,1,0,0,0,low,adult,train
6,0,3,0,27.148268952358006,8.4583,NA,Q,0,1,0,0,0,low,adult,train
7,0,1,0,54,51.8625,E,S,0,1,0,0,0,med,old,train
8,0,3,0,2,21.075,NA,S,4,0,0,0,0,low,infant,train
9,1,3,1,27,11.1333,NA,S,2,1,0,1,0,low,adult,train
10,1,2,1,14,30.0708,NA,C,1,1,1,0,0,med,teenager,train
11,1,3,1,4,16.7,G,S,2,0,0,0,0,low,infant,train
12,1,1,1,58,26.55,C,S,0,0,0,0,0,low,old,train
13,0,3,0,20,8.05,NA,S,0,1,0,0,0,low,adult,train
14,0,3,0,39,31.275,NA,S,6,1,1,1,0,med,adult,train
15,0,3,1,14,7.8542,NA,S,0,0,0,0,0,low,teenager,train
16,1,2,1,55,16,NA,S,0,1,0,0,0,low,old,train
17,0,3,0,2,29.125,NA,Q,5,0,0,0,0,low,infant,train
18,1,2,0,31.312784261180596,13,NA,S,0,1,0,0,0,low,adult,train
19,0,3,1,31,18,NA,S,1,1,1,0,0,low,adult,train
20,1,3,1,27.148268952358006,7.225,NA,C,0,1,0,0,0,low,adult,train
21,0,2,0,35,26,NA,S,0,1,0,0,0,low,adult,train
22,1,2,0,34,13,D,S,0,1,0,0,0,low,adult,train
23,1,3,1,15,8.0292,NA,Q,0,0,0,0,0,low,teenager,train
24,1,1,0,28,35.5,A,S,0,1,0,0,0,med,adult,train
25,0,3,1,8,21.075,NA,S,4,0,0,0,0,low,child,train
26,1,3,1,38,31.3875,NA,S,6,1,1,1,0,med,adult,train
27,0,3,0,27.148268952358006,7.225,NA,C,0,1,0,0,0,low,adult,train
28,0,1,0,19,263,C,S,5,1,1,1,0,very_high,teenager,train
29,1,3,1,27.148268952358006,7.8792,NA,Q,0,0,0,0,0,low,adult,train
30,0,3,0,27.148268952358006,7.8958,NA,S,0,1,0,0,0,low,adult,train
31,0,1,0,40,27.7208,NA,C,0,0,0,0,0,low,old,train
32,1,1,1,37.970318896312406,146.5208,B,C,1,1,1,0,0,high,adult,train
33,1,3,1,27.148268952358006,7.75,NA,Q,0,0,0,0,0,low,adult,train
34,0,2,0,66,10.5,NA,S,0,1,0,0,0,low,old,train
35,0,1,0,28,82.1708,NA,C,1,1,1,0,0,med,adult,train
36,0,1,0,42,52,NA,S,1,1,1,0,0,med,old,train
37,1,3,0,27.148268952358006,7.2292,NA,C,0,1,0,0,0,low,adult,train
38,0,3,0,21,8.05,NA,S,0,1,0,0,0,low,adult,train
39,0,3,1,18,18,NA,S,2,0,0,0,0,low,teenager,train
40,1,3,1,14,11.2417,NA,C,1,0,0,0,0,low,teenager,train
41,0,3,1,40,9.475,NA,S,1,1,1,0,0,low,old,train
42,0,2,1,27,21,NA,S,1,1,1,0,0,low,adult,train
43,0,3,0,27.148268952358006,7.8958,NA,C,0,1,0,0,0,low,adult,train
44,1,2,1,3,41.5792,NA,C,3,0,0,0,0,med,infant,train
45,1,3,1,19,7.8792,NA,Q,0,0,0,0,0,low,teenager,train
46,0,3,0,27.148268952358006,8.05,NA,S,0,1,0,0,0,low,adult,train
47,0,3,0,23.942198142895254,15.5,NA,Q,1,1,1,0,0,low,adult,train
48,1,3,1,27.148268952358006,7.75,NA,Q,0,0,0,0,1,low,adult,train
49,0,3,0,20.736127333432503,21.6792,NA,C,2,1,1,0,0,low,adult,train
50,0,3,1,18,17.8,NA,S,1,1,1,0,0,low,teenager,train
51,0,3,0,7,39.6875,NA,S,5,0,0,0,0,med,child,train
52,0,3,0,21,7.8,NA,S,0,1,0,0,0,low,adult,train
53,1,1,1,49,76.7292,D,C,1,1,1,0,0,med,old,train
54,1,2,1,29,26,NA,S,1,1,1,0,0,low,adult,train
55,0,1,0,65,61.9792,B,C,1,1,0,1,0,med,old,train
56,1,1,0,41.17638970577516,35.5,C,S,0,1,0,0,0,med,old,train
57,1,2,1,21,10.5,NA,S,0,0,0,0,0,low,adult,train
58,0,3,0,28.5,7.2292,NA,C,0,1,0,0,0,low,adult,train
59,1,2,1,5,27.75,NA,S,3,0,0,0,0,low,child,train
60,0,3,0,11,46.9,NA,S,7,0,0,0,0,med,child,train
61,0,3,0,22,7.2292,NA,C,0,1,0,0,1,low,adult,train
62,1,1,1,38,80,B,NA,0,0,0,0,0,med,adult,train
63,0,1,0,45,83.475,C,S,1,1,1,0,0,med,old,train
64,0,3,0,4,27.9,NA,S,5,0,0,0,0,low,infant,train
65,0,1,0,41.17638970577516,27.7208,NA,C,0,1,0,0,0,low,old,train
66,1,3,0,22.746855261163027,15.2458,NA,C,2,0,0,0,0,low,adult,train
67,1,2,1,29,10.5,F,S,0,1,0,0,0,low,adult,train
68,0,3,0,19,8.1583,NA,S,0,1,0,0,0,low,teenager,train
69,1,3,1,17,7.925,NA,S,6,0,0,0,0,low,teenager,train
70,0,3,0,26,8.6625,NA,S,2,1,1,0,0,low,adult,train
71,0,2,0,32,10.5,NA,S,0,1,0,0,0,low,adult,train
72,0,3,1,16,46.9,NA,S,7,0,0,0,0,med,teenager,train
73,0,2,0,21,73.5,NA,S,0,1,0,0,0,med,adult,train
74,0,3,0,26,14.4542,NA,C,1,1,1,0,0,low,adult,train
75,1,3,0,32,56.4958,NA,S,0,1,0,0,0,med,adult,train
76,0,3,0,25,7.65,F,S,0,1,0,0,0,low,adult,train
77,0,3,0,27.148268952358006,7.8958,NA,S,0,1,0,0,0,low,adult,train
78,0,3,0,27.148268952358006,8.05,NA,S,0,1,0,0,0,low,adult,train
79,1,2,0,0.83,29,NA,S,2,0,0,0,0,low,infant,train
80,1,3,1,30,12.475,NA,S,0,0,0,0,0,low,adult,train
81,0,3,0,22,9,NA,S,0,1,0,0,0,low,adult,train
82,1,3,0,29,9.5,NA,S,0,1,0,0,0,low,adult,train
83,1,3,1,27.148268952358006,7.7875,NA,Q,0,0,0,0,0,low,adult,train
84,0,1,0,28,47.1,NA,S,0,1,0,0,0,med,adult,train
85,1,2,1,17,10.5,NA,S,0,0,0,0,0,low,teenager,train
86,1,3,1,33,15.85,NA,S,3,1,1,0,0,low,adult,train
87,0,3,0,16,34.375,NA,S,4,1,1,1,0,med,teenager,train
88,0,3,0,27.148268952358006,8.05,NA,S,0,1,0,0,0,low,adult,train
89,1,1,1,23,263,C,S,5,0,0,0,0,very_high,adult,train
90,0,3,0,24,8.05,NA,S,0,1,0,0,0,low,adult,train
91,0,3,0,29,8.05,NA,S,0,1,0,0,0,low,adult,train
92,0,3,0,20,7.8542,NA,S,0,1,0,0,0,low,adult,train
93,0,1,0,46,61.175,E,S,1,1,1,0,0,med,old,train
94,0,3,0,26,20.575,NA,S,3,1,1,1,0,low,adult,train
95,0,3,0,59,7.25,NA,S,0,1,0,0,0,low,old,train
96,0,3,0,27.148268952358006,8.05,NA,S,0,1,0,0,0,low,adult,train
97,0,1,0,71,34.6542,A,C,0,1,0,0,0,med,old,train
98,1,1,0,23,63.3583,D,C,1,1,0,1,0,med,adult,train
99,1,2,1,34,23,NA,S,1,1,0,1,0,low,adult,train
100,0,2,0,34,26,NA,S,1,1,1,0,0,low,adult,train
101,0,3,1,28,7.8958,NA,S,0,0,0,0,0,low,adult,train
102,0,3,0,27.148268952358006,7.8958,NA,S,0,1,0,0,0,low,adult,train
103,0,1,0,21,77.2875,D,S,1,1,0,1,0,med,adult,train
104,0,3,0,33,8.6542,NA,S,0,1,0,0,0,low,adult,train
105,0,3,0,37,7.925,NA,S,2,1,1,0,0,low,adult,train
106,0,3,0,28,7.8958,NA,S,0,1,0,0,0,low,adult,train
107,1,3,1,21,7.65,NA,S,0,0,0,0,0,low,adult,train
108,1,3,0,27.148268952358006,7.775,NA,S,0,1,0,0,0,low,adult,train
109,0,3,0,38,7.8958,NA,S,0,1,0,0,0,low,adult,train
110,1,3,1,23.942198142895254,24.15,NA,Q,1,0,0,0,0,low,adult,train
111,0,1,0,47,52,C,S,0,1,0,0,0,med,old,train
112,0,3,1,14.5,14.4542,NA,C,1,0,0,0,0,low,teenager,train
113,0,3,0,22,8.05,NA,S,0,1,0,0,0,low,adult,train
114,0,3,1,20,9.825,NA,S,1,0,0,0,0,low,adult,train
115,0,3,1,17,14.4583,NA,C,0,0,0,0,0,low,teenager,train
116,0,3,0,21,7.925,NA,S,0,1,0,0,0,low,adult,train
117,0,3,0,70.5,7.75,NA,Q,0,1,0,0,0,low,old,train
118,0,2,0,29,21,NA,S,1,1,1,0,0,low,adult,train
119,0,1,0,24,247.5208,B,C,1,1,0,1,0,very_high,adult,train
120,0,3,1,2,31.275,NA,S,6,0,0,0,0,med,infant,train
121,0,2,0,21,73.5,NA,S,2,1,1,0,0,med,adult,train
122,0,3,0,27.148268952358006,8.05,NA,S,0,1,0,0,0,low,adult,train
123,0,2,0,32.5,30.0708,NA,C,1,1,1,0,0,med,adult,train
124,1,2,1,32.5,13,E,S,0,0,0,0,0,low,adult,train
125,0,1,0,54,77.2875,D,S,1,1,0,1,0,med,old,train
126,1,3,0,12,11.2417,NA,C,1,0,0,0,0,low,teenager,train
127,0,3,0,27.148268952358006,7.75,NA,Q,0,1,0,0,0,low,adult,train
128,1,3,0,24,7.1417,NA,S,0,1,0,0,0,low,adult,train
129,1,3,1,22.746855261163027,22.3583,F,C,2,0,0,0,0,low,adult,train
130,0,3,0,45,6.975,NA,S,0,1,0,0,0,low,old,train
131,0,3,0,33,7.8958,NA,C,0,1,0,0,1,low,adult,train
132,0,3,0,20,7.05,NA,S,0,1,0,0,0,low,adult,train
133,0,3,1,47,14.5,NA,S,1,1,1,0,0,low,old,train
134,1,2,1,29,26,NA,S,1,1,1,0,0,low,adult,train
135,0,2,0,25,13,NA,S,0,1,0,0,0,low,adult,train
136,0,2,0,23,15.0458,NA,C,0,1,0,0,0,low,adult,train
137,1,1,1,19,26.2833,D,S,2,0,0,0,0,low,teenager,train
138,0,1,0,37,53.1,C,S,1,1,1,0,0,med,adult,train
139,0,3,0,16,9.2167,NA,S,0,1,0,0,0,low,teenager,train
140,0,1,0,24,79.2,B,C,0,1,0,0,0,med,adult,train
141,0,3,1,24.757583188893555,15.2458,NA,C,2,1,0,1,0,low,adult,train
142,1,3,1,22,7.75,NA,S,0,0,0,0,0,low,adult,train
143,1,3,1,24,15.85,NA,S,1,1,1,0,0,low,adult,train
144,0,3,0,19,6.75,NA,Q,0,1,0,0,0,low,teenager,train
145,0,2,0,18,11.5,NA,S,0,1,0,0,0,low,teenager,train
146,0,2,0,19,36.75,NA,S,2,1,1,1,0,med,teenager,train
147,1,3,0,27,7.7958,NA,S,0,1,0,0,0,low,adult,train
148,0,3,1,9,34.375,NA,S,4,0,0,0,0,med,child,train
149,0,2,0,36.5,26,F,S,2,1,0,1,0,low,adult,train
150,0,2,0,42,13,NA,S,0,0,0,0,1,low,old,train
151,0,2,0,51,12.525,NA,S,0,0,0,0,1,low,old,train
152,1,1,1,22,66.6,C,S,1,1,1,0,0,med,adult,train
153,0,3,0,55.5,8.05,NA,S,0,1,0,0,0,low,old,train
154,0,3,0,40.5,14.5,NA,S,2,1,0,1,0,low,old,train
155,0,3,0,27.148268952358006,7.3125,NA,S,0,1,0,0,0,low,adult,train
156,0,1,0,51,61.3792,NA,C,1,1,0,1,0,med,old,train
157,1,3,1,16,7.7333,NA,Q,0,0,0,0,0,low,teenager,train
158,0,3,0,30,8.05,NA,S,0,1,0,0,0,low,adult,train
159,0,3,0,27.148268952358006,8.6625,NA,S,0,1,0,0,0,low,adult,train
160,0,3,0,0,69.55,NA,S,10,0,0,0,0,med,infant,train
161,0,3,0,44,16.1,NA,S,1,1,0,1,0,low,old,train
162,1,2,1,40,15.75,NA,S,0,1,0,0,0,low,old,train
163,0,3,0,26,7.775,NA,S,0,1,0,0,0,low,adult,train
164,0,3,0,17,8.6625,NA,S,0,1,0,0,0,low,teenager,train
165,0,3,0,1,39.6875,NA,S,5,0,0,0,0,med,infant,train
166,1,3,0,9,20.525,NA,S,2,0,0,0,0,low,child,train
167,1,1,1,39.981046824042934,55,E,S,1,1,0,1,0,med,adult,train
168,0,3,1,45,27.9,NA,S,5,1,1,1,0,low,old,train
169,0,1,0,41.17638970577516,25.925,NA,S,0,1,0,0,0,low,old,train
170,0,3,0,28,56.4958,NA,S,0,1,0,0,0,med,adult,train
171,0,1,0,61,33.5,B,S,0,1,0,0,0,med,old,train
172,0,3,0,4,29.125,NA,Q,5,0,0,0,0,low,infant,train
173,1,3,1,1,11.1333,NA,S,2,0,0,0,0,low,infant,train
174,0,3,0,21,7.925,NA,S,0,1,0,0,0,low,adult,train
175,0,1,0,56,30.6958,A,C,0,1,0,0,0,med,old,train
176,0,3,0,18,7.8542,NA,S,2,1,1,1,0,low,teenager,train
177,0,3,0,16.334713642237524,25.4667,NA,S,4,0,0,0,0,low,teenager,train
178,0,1,1,50,28.7125,C,C,0,0,0,0,0,low,old,train
179,0,2,0,30,13,NA,S,0,1,0,0,0,low,adult,train
180,0,3,0,36,0,NA,S,0,1,0,0,0,low,adult,train
181,0,3,1,0,69.55,NA,S,10,0,0,0,0,med,infant,train
182,0,2,0,31.312784261180596,15.05,NA,C,0,1,0,0,0,low,adult,train
183,0,3,0,9,31.3875,NA,S,6,0,0,0,0,med,child,train
184,1,2,0,1,39,F,S,3,0,0,0,0,med,infant,train
185,1,3,1,4,22.025,NA,S,2,0,0,0,0,low,infant,train
186,0,1,0,41.17638970577516,50,A,S,0,1,0,0,0,med,old,train
187,1,3,1,23.942198142895254,15.5,NA,Q,1,1,1,0,0,low,adult,train
188,1,1,0,45,26.55,NA,S,0,1,0,0,0,low,old,train
189,0,3,0,40,15.5,NA,Q,2,1,1,1,0,low,old,train
190,0,3,0,36,7.8958,NA,S,0,1,0,0,0,low,adult,train
191,1,2,1,32,13,NA,S,0,1,0,0,0,low,adult,train
192,0,2,0,19,13,NA,S,0,1,0,0,0,low,teenager,train
193,1,3,1,19,7.8542,NA,S,1,0,0,0,0,low,teenager,train
194,1,2,0,3,26,F,S,2,0,0,0,0,low,infant,train
195,1,1,1,44,27.7208,B,C,0,1,0,0,0,low,old,train
196,1,1,1,58,146.5208,B,C,0,0,0,0,0,high,old,train
197,0,3,0,27.148268952358006,7.75,NA,Q,0,1,0,0,0,low,adult,train
198,0,3,0,42,8.4042,NA,S,1,1,0,1,0,low,old,train
199,1,3,1,27.148268952358006,7.75,NA,Q,0,0,0,0,0,low,adult,train
200,0,2,1,24,13,NA,S,0,1,0,0,0,low,adult,train
201,0,3,0,28,9.5,NA,S,0,1,0,0,0,low,adult,train
202,0,3,0,0,69.55,NA,S,10,1,1,1,0,med,infant,train
203,0,3,0,34,6.4958,NA,S,0,1,0,0,0,low,adult,train
204,0,3,0,45.5,7.225,NA,C,0,1,0,0,0,low,old,train
205,1,3,0,18,8.05,NA,S,0,1,0,0,0,low,teenager,train
206,0,3,1,2,10.4625,G,S,1,0,0,0,0,low,infant,train
207,0,3,0,32,15.85,NA,S,1,1,1,0,0,low,adult,train
208,1,3,0,26,18.7875,NA,C,0,1,0,0,0,low,adult,train
209,1,3,1,16,7.75,NA,Q,0,0,0,0,0,low,teenager,train
210,1,1,0,40,31,A,C,0,1,0,0,0,med,old,train
211,0,3,0,24,7.05,NA,S,0,1,0,0,0,low,adult,train
212,1,2,1,35,21,NA,S,0,0,0,0,0,low,adult,train
213,0,3,0,22,7.25,NA,S,0,1,0,0,0,low,adult,train
214,0,2,0,30,13,NA,S,0,1,0,0,0,low,adult,train
215,0,3,0,23.942198142895254,7.75,NA,Q,1,1,1,0,0,low,adult,train
216,1,1,1,31,113.275,D,C,1,0,0,0,0,high,adult,train
217,1,3,1,27,7.925,NA,S,0,0,0,0,0,low,adult,train
218,0,2,0,42,27,NA,S,1,1,1,0,0,low,old,train
219,1,1,1,32,76.2917,D,C,0,0,0,0,0,med,adult,train
220,0,2,0,30,10.5,NA,S,0,1,0,0,0,low,adult,train
221,1,3,0,16,8.05,NA,S,0,1,0,0,0,low,teenager,train
222,0,2,0,27,13,NA,S,0,1,0,0,0,low,adult,train
223,0,3,0,51,8.05,NA,S,0,1,0,0,0,low,old,train
224,0,3,0,27.148268952358006,7.8958,NA,S,0,1,0,0,0,low,adult,train
225,1,1,0,38,90,C,S,1,1,1,0,0,med,adult,train
226,0,3,0,22,9.35,NA,S,0,1,0,0,0,low,adult,train
227,1,2,0,19,10.5,NA,S,0,1,0,0,0,low,teenager,train
228,0,3,0,20.5,7.25,NA,S,0,1,0,0,0,low,adult,train
229,0,2,0,18,13,NA,S,0,1,0,0,0,low,teenager,train
230,0,3,1,16.334713642237524,25.4667,NA,S,4,0,0,0,0,low,teenager,train
231,1,1,1,35,83.475,C,S,1,1,1,0,0,med,adult,train
232,0,3,0,29,7.775,NA,S,0,1,0,0,0,low,adult,train
233,0,2,0,59,13.5,NA,S,0,1,0,0,0,low,old,train
234,1,3,1,5,31.3875,NA,S,6,0,0,0,0,med,child,train
235,0,2,0,24,10.5,NA,S,0,1,0,0,0,low,adult,train
236,0,3,1,27.148268952358006,7.55,NA,S,0,0,0,0,0,low,adult,train
237,0,2,0,44,26,NA,S,1,1,1,0,0,low,old,train
238,1,2,1,8,26.25,NA,S,2,0,0,0,1,low,child,train
239,0,2,0,19,10.5,NA,S,0,1,0,0,0,low,teenager,train
240,0,2,0,33,12.275,NA,S,0,1,0,0,0,low,adult,train
241,0,3,1,23.942198142895254,14.4542,NA,C,1,0,0,0,0,low,adult,train
242,1,3,1,23.942198142895254,15.5,NA,Q,1,0,0,0,0,low,adult,train
243,0,2,0,29,10.5,NA,S,0,1,0,0,1,low,adult,train
244,0,3,0,22,7.125,NA,S,0,1,0,0,0,low,adult,train
245,0,3,0,30,7.225,NA,C,0,1,0,0,0,low,adult,train
246,0,1,0,44,90,C,Q,2,0,0,0,1,med,old,train
247,0,3,1,25,7.775,NA,S,0,0,0,0,0,low,adult,train
248,1,2,1,24,14.5,NA,S,2,1,0,1,0,low,adult,train
249,1,1,0,37,52.5542,D,S,2,1,1,1,0,med,adult,train
250,0,2,0,54,26,NA,S,1,0,0,0,1,low,old,train
251,0,3,0,27.148268952358006,7.25,NA,S,0,1,0,0,0,low,adult,train
252,0,3,1,29,10.4625,G,S,2,1,1,1,0,low,adult,train
253,0,1,0,62,26.55,C,S,0,1,0,0,0,low,old,train
254,0,3,0,30,16.1,NA,S,1,1,1,0,0,low,adult,train
255,0,3,1,41,20.2125,NA,S,2,1,0,1,0,low,old,train
256,1,3,1,29,15.2458,NA,C,2,1,0,1,0,low,adult,train
257,1,1,1,41.17638970577516,79.2,NA,C,0,1,0,0,0,med,old,train
258,1,1,1,30,86.5,B,S,0,0,0,0,0,med,adult,train
259,1,1,1,35,512.3292,NA,C,0,0,0,0,0,very_high,adult,train
260,1,2,1,50,26,NA,S,1,1,0,1,0,low,old,train
261,0,3,0,27.148268952358006,7.75,NA,Q,0,1,0,0,0,low,adult,train
262,1,3,0,3,31.3875,NA,S,6,0,0,0,0,med,infant,train
263,0,1,0,52,79.65,E,S,2,1,1,1,0,med,old,train
264,0,1,0,40,0,B,S,0,1,0,0,0,low,old,train
265,0,3,1,27.148268952358006,7.75,NA,Q,0,0,0,0,0,low,adult,train
266,0,2,0,36,10.5,NA,S,0,1,0,0,0,low,adult,train
267,0,3,0,16,39.6875,NA,S,5,1,1,1,0,med,teenager,train
268,1,3,0,25,7.775,NA,S,1,1,1,0,0,low,adult,train
269,1,1,1,58,153.4625,C,S,1,1,0,1,0,high,old,train
270,1,1,1,35,135.6333,C,S,0,0,0,0,0,high,adult,train
271,0,1,0,41.17638970577516,31,NA,S,0,1,0,0,0,med,old,train
272,1,3,0,25,0,NA,S,0,1,0,0,0,low,adult,train
273,1,2,1,41,19.5,NA,S,1,1,0,1,0,low,old,train
274,0,1,0,37,29.7,C,C,1,1,0,1,0,low,adult,train
275,1,3,1,27.148268952358006,7.75,NA,Q,0,0,0,0,0,low,adult,train
276,1,1,1,63,77.9583,D,S,1,0,0,0,0,med,old,train
277,0,3,1,45,7.75,NA,S,0,0,0,0,0,low,old,train
278,0,2,0,31.312784261180596,0,NA,S,0,1,0,0,0,low,adult,train
279,0,3,0,7,29.125,NA,Q,5,0,0,0,0,low,child,train
280,1,3,1,35,20.25,NA,S,2,1,1,1,0,low,adult,train
281,0,3,0,65,7.75,NA,Q,0,1,0,0,0,low,old,train
282,0,3,0,28,7.8542,NA,S,0,1,0,0,0,low,adult,train
283,0,3,0,16,9.5,NA,S,0,1,0,0,0,low,teenager,train
284,1,3,0,19,8.05,NA,S,0,1,0,0,0,low,teenager,train
285,0,1,0,41.17638970577516,26,A,S,0,1,0,0,0,low,old,train
286,0,3,0,33,8.6625,NA,C,0,1,0,0,0,low,adult,train
287,1,3,0,30,9.5,NA,S,0,1,0,0,0,low,adult,train
288,0,3,0,22,7.8958,NA,S,0,1,0,0,0,low,adult,train
289,1,2,0,42,13,NA,S,0,1,0,0,0,low,old,train
290,1,3,1,22,7.75,NA,Q,0,0,0,0,0,low,adult,train
291,1,1,1,26,78.85,NA,S,0,0,0,0,0,med,adult,train
292,1,1,1,19,91.0792,B,C,1,1,1,0,0,med,teenager,train
293,0,2,0,36,12.875,D,C,0,1,0,0,0,low,adult,train
294,0,3,1,24,8.85,NA,S,0,0,0,0,0,low,adult,train
295,0,3,0,24,7.8958,NA,S,0,1,0,0,0,low,adult,train
296,0,1,0,41.17638970577516,27.7208,NA,C,0,1,0,0,0,low,old,train
297,0,3,0,23.5,7.2292,NA,C,0,1,0,0,0,low,adult,train
298,0,1,1,2,151.55,C,S,3,0,0,0,0,high,infant,train
299,1,1,0,41.17638970577516,30.5,C,S,0,1,0,0,0,med,old,train
300,1,1,1,50,247.5208,B,C,1,1,0,1,0,very_high,old,train
301,1,3,1,27.148268952358006,7.75,NA,Q,0,0,0,0,0,low,adult,train
302,1,3,0,20.736127333432503,23.25,NA,Q,2,1,1,0,0,low,adult,train
303,0,3,0,19,0,NA,S,0,1,0,0,0,low,teenager,train
304,1,2,1,31.312784261180596,12.35,E,Q,0,0,0,0,0,low,adult,train
305,0,3,0,27.148268952358006,8.05,NA,S,0,1,0,0,0,low,adult,train
306,1,1,0,0.92,151.55,C,S,3,0,0,0,0,high,infant,train
307,1,1,1,41.17638970577516,110.8833,NA,C,0,0,0,0,0,high,old,train
308,1,1,1,17,108.9,C,C,1,1,1,0,0,high,teenager,train
309,0,2,0,30,24,NA,C,1,1,1,0,0,low,adult,train
310,1,1,1,30,56.9292,E,C,0,0,0,0,0,med,adult,train
311,1,1,1,24,83.1583,C,C,0,0,0,0,0,med,adult,train
312,1,1,1,18,262.375,B,C,4,0,0,0,0,very_high,teenager,train
313,0,2,1,26,26,NA,S,2,1,1,1,0,low,adult,train
314,0,3,0,28,7.8958,NA,S,0,1,0,0,0,low,adult,train
315,0,2,0,43,26.25,NA,S,2,1,1,1,0,low,old,train
316,1,3,1,26,7.8542,NA,S,0,0,0,0,0,low,adult,train
317,1,2,1,24,26,NA,S,1,1,1,0,0,low,adult,train
318,0,2,0,54,14,NA,S,0,0,0,0,1,low,old,train
319,1,1,1,31,164.8667,C,S,2,0,0,0,0,high,adult,train
320,1,1,1,40,134.5,E,C,2,1,1,1,0,high,old,train
321,0,3,0,22,7.25,NA,S,0,1,0,0,0,low,adult,train
322,0,3,0,27,7.8958,NA,S,0,1,0,0,0,low,adult,train
323,1,2,1,30,12.35,NA,Q,0,0,0,0,0,low,adult,train
324,1,2,1,22,29,NA,S,2,1,1,1,0,low,adult,train
325,0,3,0,0,69.55,NA,S,10,1,1,1,0,med,infant,train
326,1,1,1,36,135.6333,C,C,0,0,0,0,0,high,adult,train
327,0,3,0,61,6.2375,NA,S,0,1,0,0,0,low,old,train
328,1,2,1,36,13,D,S,0,1,0,0,0,low,adult,train
329,1,3,1,31,20.525,NA,S,2,1,1,1,0,low,adult,train
330,1,1,1,16,57.9792,B,C,1,0,0,0,0,med,teenager,train
331,1,3,1,20.736127333432503,23.25,NA,Q,2,0,0,0,0,low,adult,train
332,0,1,0,45.5,28.5,C,S,0,1,0,0,0,low,old,train
333,0,1,0,38,153.4625,C,S,1,1,0,1,0,high,adult,train
334,0,3,0,16,18,NA,S,2,1,1,0,0,low,teenager,train
335,1,1,1,37.970318896312406,133.65,NA,S,1,1,1,0,0,high,adult,train
336,0,3,0,27.148268952358006,7.8958,NA,S,0,1,0,0,0,low,adult,train
337,0,1,0,29,66.6,C,S,1,1,1,0,0,med,adult,train
338,1,1,1,41,134.5,E,C,0,0,0,0,0,high,old,train
339,1,3,0,45,8.05,NA,S,0,1,0,0,0,low,old,train
340,0,1,0,45,35.5,T,S,0,1,0,0,0,med,old,train
341,1,2,0,2,26,F,S,2,0,0,0,0,low,infant,train
342,1,1,1,24,263,C,S,5,0,0,0,0,very_high,adult,train
343,0,2,0,28,13,NA,S,0,1,0,0,1,low,adult,train
344,0,2,0,25,13,NA,S,0,1,0,0,0,low,adult,train
345,0,2,0,36,13,NA,S,0,1,0,0,0,low,adult,train
346,1,2,1,24,13,F,S,0,0,0,0,0,low,adult,train
347,1,2,1,40,13,NA,S,0,0,0,0,0,low,old,train
348,1,3,1,23.942198142895254,16.1,NA,S,1,1,1,0,0,low,adult,train
349,1,3,0,3,15.9,NA,S,2,0,0,0,0,low,infant,train
350,0,3,0,42,8.6625,NA,S,0,1,0,0,0,low,old,train
351,0,3,0,23,9.225,NA,S,0,1,0,0,0,low,adult,train
352,0,1,0,41.17638970577516,35,C,S,0,1,0,0,0,med,old,train
353,0,3,0,15,7.2292,NA,C,2,1,1,1,0,low,teenager,train
354,0,3,0,25,17.8,NA,S,1,1,1,0,0,low,adult,train
355,0,3,0,27.148268952358006,7.225,NA,C,0,1,0,0,0,low,adult,train
356,0,3,0,28,9.5,NA,S,0,1,0,0,0,low,adult,train
357,1,1,1,22,55,E,S,1,0,0,0,0,med,adult,train
358,0,2,1,38,13,NA,S,0,0,0,0,0,low,adult,train
359,1,3,1,27.148268952358006,7.8792,NA,Q,0,0,0,0,0,low,adult,train
360,1,3,1,27.148268952358006,7.8792,NA,Q,0,0,0,0,0,low,adult,train
361,0,3,0,40,27.9,NA,S,5,1,1,1,0,low,old,train
362,0,2,0,29,27.7208,NA,C,1,1,1,0,0,low,adult,train
363,0,3,1,45,14.4542,NA,C,1,1,0,1,0,low,old,train
364,0,3,0,35,7.05,NA,S,0,1,0,0,0,low,adult,train
365,0,3,0,23.942198142895254,15.5,NA,Q,1,1,1,0,0,low,adult,train
366,0,3,0,30,7.25,NA,S,0,1,0,0,0,low,adult,train
367,1,1,1,60,75.25,D,C,1,1,1,0,0,med,old,train
368,1,3,1,27.148268952358006,7.2292,NA,C,0,1,0,0,0,low,adult,train
369,1,3,1,27.148268952358006,7.75,NA,Q,0,0,0,0,0,low,adult,train
370,1,1,1,24,69.3,B,C,0,1,0,0,0,med,adult,train
371,1,1,0,25,55.4417,E,C,1,1,1,0,0,med,adult,train
372,0,3,0,18,6.4958,NA,S,1,1,1,0,0,low,teenager,train
373,0,3,0,19,8.05,NA,S,0,1,0,0,0,low,teenager,train
374,0,1,0,22,135.6333,NA,C,0,1,0,0,0,high,adult,train
375,0,3,1,3,21.075,NA,S,4,0,0,0,0,low,infant,train
376,1,1,1,37.970318896312406,82.1708,NA,C,1,1,1,0,0,med,adult,train
377,1,3,1,22,7.25,NA,S,0,0,0,0,0,low,adult,train
378,0,1,0,27,211.5,C,C,2,1,0,1,0,very_high,adult,train
379,0,3,0,20,4.0125,NA,C,0,1,0,0,0,low,adult,train
380,0,3,0,19,7.775,NA,S,0,1,0,0,0,low,teenager,train
381,1,1,1,42,227.525,NA,C,0,0,0,0,0,very_high,old,train
382,1,3,1,1,15.7417,NA,C,2,0,0,0,0,low,infant,train
383,0,3,0,32,7.925,NA,S,0,1,0,0,0,low,adult,train
384,1,1,1,35,52,NA,S,1,1,1,0,0,med,adult,train
385,0,3,0,27.148268952358006,7.8958,NA,S,0,1,0,0,0,low,adult,train
386,0,2,0,18,73.5,NA,S,0,1,0,0,0,med,teenager,train
387,0,3,0,1,46.9,NA,S,7,0,0,0,0,med,infant,train
388,1,2,1,36,13,NA,S,0,0,0,0,0,low,adult,train
389,0,3,0,27.148268952358006,7.7292,NA,Q,0,1,0,0,0,low,adult,train
390,1,2,1,17,12,NA,C,0,0,0,0,0,low,teenager,train
391,1,1,0,36,120,B,S,3,1,1,1,0,high,adult,train
392,1,3,0,21,7.7958,NA,S,0,1,0,0,0,low,adult,train
393,0,3,0,28,7.925,NA,S,2,1,1,0,0,low,adult,train
394,1,1,1,23,113.275,D,C,1,0,0,0,0,high,adult,train
395,1,3,1,24,16.7,G,S,2,1,0,1,0,low,adult,train
396,0,3,0,22,7.7958,NA,S,0,1,0,0,0,low,adult,train
397,0,3,1,31,7.8542,NA,S,0,0,0,0,0,low,adult,train
398,0,2,0,46,26,NA,S,0,1,0,0,0,low,old,train
399,0,2,0,23,10.5,NA,S,0,0,0,0,1,low,adult,train
400,1,2,1,28,12.65,NA,S,0,1,0,0,0,low,adult,train
401,1,3,0,39,7.925,NA,S,0,1,0,0,0,low,adult,train
402,0,3,0,26,8.05,NA,S,0,1,0,0,0,low,adult,train
403,0,3,1,21,9.825,NA,S,1,0,0,0,0,low,adult,train
404,0,3,0,28,15.85,NA,S,1,1,1,0,0,low,adult,train
405,0,3,1,20,8.6625,NA,S,0,0,0,0,0,low,adult,train
406,0,2,0,34,21,NA,S,1,1,1,0,0,low,adult,train
407,0,3,0,51,7.75,NA,S,0,1,0,0,0,low,old,train
408,1,2,0,3,18.75,NA,S,2,0,0,0,0,low,infant,train
409,0,3,0,21,7.775,NA,S,0,1,0,0,0,low,adult,train
410,0,3,1,16.334713642237524,25.4667,NA,S,4,0,0,0,0,low,teenager,train
411,0,3,0,27.148268952358006,7.8958,NA,S,0,1,0,0,0,low,adult,train
412,0,3,0,27.148268952358006,6.8583,NA,Q,0,1,0,0,0,low,adult,train
413,1,1,1,33,90,C,Q,1,0,0,0,0,med,adult,train
414,0,2,0,31.312784261180596,0,NA,S,0,1,0,0,0,low,adult,train
415,1,3,0,44,7.925,NA,S,0,1,0,0,0,low,old,train
416,0,3,1,27.148268952358006,8.05,NA,S,0,1,0,0,0,low,adult,train
417,1,2,1,34,32.5,NA,S,2,1,1,1,1,med,adult,train
418,1,2,1,18,13,NA,S,2,0,0,0,0,low,teenager,train
419,0,2,0,30,13,NA,S,0,1,0,0,0,low,adult,train
420,0,3,1,10,24.15,NA,S,2,0,0,0,0,low,child,train
421,0,3,0,27.148268952358006,7.8958,NA,C,0,1,0,0,0,low,adult,train
422,0,3,0,21,7.7333,NA,Q,0,1,0,0,0,low,adult,train
423,0,3,0,29,7.875,NA,S,0,1,0,0,0,low,adult,train
424,0,3,1,28,14.4,NA,S,2,1,1,1,0,low,adult,train
425,0,3,0,18,20.2125,NA,S,2,1,1,1,0,low,teenager,train
426,0,3,0,27.148268952358006,7.25,NA,S,0,1,0,0,0,low,adult,train
427,1,2,1,28,26,NA,S,1,1,1,0,0,low,adult,train
428,1,2,1,19,26,NA,S,0,1,0,0,0,low,teenager,train
429,0,3,0,27.148268952358006,7.75,NA,Q,0,1,0,0,0,low,adult,train
430,1,3,0,32,8.05,E,S,0,1,0,0,0,low,adult,train
431,1,1,0,28,26.55,C,S,0,1,0,0,0,low,adult,train
432,1,3,1,23.942198142895254,16.1,NA,S,1,1,1,0,0,low,adult,train
433,1,2,1,42,26,NA,S,1,1,1,0,0,low,old,train
434,0,3,0,17,7.125,NA,S,0,1,0,0,0,low,teenager,train
435,0,1,0,50,55.9,E,S,1,1,1,0,0,med,old,train
436,1,1,1,14,120,B,S,3,0,0,0,0,high,teenager,train
437,0,3,1,21,34.375,NA,S,4,0,0,0,0,med,adult,train
438,1,2,1,24,18.75,NA,S,5,1,1,1,0,low,adult,train
439,0,1,0,64,263,C,S,5,1,1,1,0,very_high,old,train
440,0,2,0,31,10.5,NA,S,0,1,0,0,0,low,adult,train
441,1,2,1,45,26.25,NA,S,2,1,1,1,0,low,old,train
442,0,3,0,20,9.5,NA,S,0,1,0,0,0,low,adult,train
443,0,3,0,25,7.775,NA,S,1,1,1,0,0,low,adult,train
444,1,2,1,28,13,NA,S,0,0,0,0,0,low,adult,train
445,1,3,0,27.148268952358006,8.1125,NA,S,0,1,0,0,0,low,adult,train
446,1,1,0,4,81.8583,A,S,2,0,0,0,0,med,infant,train
447,1,2,1,13,19.5,NA,S,1,0,0,0,0,low,teenager,train
448,1,1,0,34,26.55,NA,S,0,1,0,0,0,low,adult,train
449,1,3,1,5,19.2583,NA,C,3,0,0,0,0,low,child,train
450,1,1,0,52,30.5,C,S,0,0,0,0,1,med,old,train
451,0,2,0,36,27.75,NA,S,3,1,1,1,0,low,adult,train
452,0,3,0,23.942198142895254,19.9667,NA,S,1,1,1,0,0,low,adult,train
453,0,1,0,30,27.75,C,C,0,1,0,0,0,low,adult,train
454,1,1,0,49,89.1042,C,C,1,1,1,0,0,med,old,train
455,0,3,0,27.148268952358006,8.05,NA,S,0,1,0,0,0,low,adult,train
456,1,3,0,29,7.8958,NA,C,0,1,0,0,0,low,adult,train
457,0,1,0,65,26.55,E,S,0,1,0,0,0,low,old,train
458,1,1,1,37.970318896312406,51.8625,D,S,1,1,1,0,0,med,adult,train
459,1,2,1,50,10.5,NA,S,0,0,0,0,0,low,old,train
460,0,3,0,27.148268952358006,7.75,NA,Q,0,1,0,0,0,low,adult,train
461,1,1,0,48,26.55,E,S,0,1,0,0,0,low,old,train
462,0,3,0,34,8.05,NA,S,0,1,0,0,0,low,adult,train
463,0,1,0,47,38.5,E,S,0,1,0,0,0,med,old,train
464,0,2,0,48,13,NA,S,0,1,0,0,0,low,old,train
465,0,3,0,27.148268952358006,8.05,NA,S,0,1,0,0,0,low,adult,train
466,0,3,0,38,7.05,NA,S,0,1,0,0,0,low,adult,train
467,0,2,0,31.312784261180596,0,NA,S,0,1,0,0,0,low,adult,train
468,0,1,0,56,26.55,NA,S,0,1,0,0,0,low,old,train
469,0,3,0,27.148268952358006,7.725,NA,Q,0,1,0,0,0,low,adult,train
470,1,3,1,0.75,19.2583,NA,C,3,0,0,0,0,low,infant,train
471,0,3,0,27.148268952358006,7.25,NA,S,0,1,0,0,0,low,adult,train
472,0,3,0,38,8.6625,NA,S,0,1,0,0,0,low,adult,train
473,1,2,1,33,27.75,NA,S,3,1,1,1,0,low,adult,train
474,1,2,1,23,13.7917,D,C,0,1,0,0,0,low,adult,train
475,0,3,1,22,9.8375,NA,S,0,0,0,0,0,low,adult,train
476,0,1,0,41.17638970577516,52,A,S,0,1,0,0,0,med,old,train
477,0,2,0,34,21,NA,S,1,1,1,0,0,low,adult,train
478,0,3,0,29,7.0458,NA,S,1,1,1,0,0,low,adult,train
479,0,3,0,22,7.5208,NA,S,0,1,0,0,0,low,adult,train
480,1,3,1,2,12.2875,NA,S,1,0,0,0,0,low,infant,train
481,0,3,0,9,46.9,NA,S,7,0,0,0,0,med,child,train
482,0,2,0,31.312784261180596,0,NA,S,0,1,0,0,0,low,adult,train
483,0,3,0,50,8.05,NA,S,0,1,0,0,0,low,old,train
484,1,3,1,63,9.5875,NA,S,0,1,0,0,0,low,old,train
485,1,1,0,25,91.0792,B,C,1,1,1,0,0,med,adult,train
486,0,3,1,16.334713642237524,25.4667,NA,S,4,0,0,0,0,low,teenager,train
487,1,1,1,35,90,C,S,1,1,1,0,0,med,adult,train
488,0,1,0,58,29.7,B,C,0,1,0,0,0,low,old,train
489,0,3,0,30,8.05,NA,S,0,1,0,0,0,low,adult,train
490,1,3,0,9,15.9,NA,S,2,0,0,0,0,low,child,train
491,0,3,0,23.942198142895254,19.9667,NA,S,1,1,1,0,0,low,adult,train
492,0,3,0,21,7.25,NA,S,0,1,0,0,0,low,adult,train
493,0,1,0,55,30.5,C,S,0,1,0,0,0,med,old,train
494,0,1,0,71,49.5042,NA,C,0,1,0,0,0,med,old,train
495,0,3,0,21,8.05,NA,S,0,1,0,0,0,low,adult,train
496,0,3,0,27.148268952358006,14.4583,NA,C,0,1,0,0,0,low,adult,train
497,1,1,1,54,78.2667,D,C,1,0,0,0,0,med,old,train
498,0,3,0,27.148268952358006,15.1,NA,S,0,1,0,0,0,low,adult,train
499,0,1,1,25,151.55,C,S,3,1,1,1,0,high,adult,train
500,0,3,0,24,7.7958,NA,S,0,1,0,0,0,low,adult,train
501,0,3,0,17,8.6625,NA,S,0,1,0,0,0,low,teenager,train
502,0,3,1,21,7.75,NA,Q,0,0,0,0,0,low,adult,train
503,0,3,1,27.148268952358006,7.6292,NA,Q,0,0,0,0,0,low,adult,train
504,0,3,1,37,9.5875,NA,S,0,0,0,0,0,low,adult,train
505,1,1,1,16,86.5,B,S,0,0,0,0,0,med,teenager,train
506,0,1,0,18,108.9,C,C,1,1,1,0,0,high,teenager,train
507,1,2,1,33,26,NA,S,2,1,0,1,0,low,adult,train
508,1,1,0,41.17638970577516,26.55,NA,S,0,1,0,0,0,low,old,train
509,0,3,0,28,22.525,NA,S,0,1,0,0,0,low,adult,train
510,1,3,0,26,56.4958,NA,S,0,1,0,0,0,med,adult,train
511,1,3,0,29,7.75,NA,Q,0,1,0,0,0,low,adult,train
512,0,3,0,27.148268952358006,8.05,NA,S,0,1,0,0,0,low,adult,train
513,1,1,0,36,26.2875,E,S,0,1,0,0,0,low,adult,train
514,1,1,1,54,59.4,NA,C,1,1,1,0,0,med,old,train
515,0,3,0,24,7.4958,NA,S,0,1,0,0,1,low,adult,train
516,0,1,0,47,34.0208,D,S,0,1,0,0,0,med,old,train
517,1,2,1,34,10.5,F,S,0,1,0,0,0,low,adult,train
518,0,3,0,27.148268952358006,24.15,NA,Q,0,1,0,0,0,low,adult,train
519,1,2,1,36,26,NA,S,1,1,1,0,0,low,adult,train
520,0,3,0,32,7.8958,NA,S,0,1,0,0,0,low,adult,train
521,1,1,1,30,93.5,B,S,0,0,0,0,0,med,adult,train
522,0,3,0,22,7.8958,NA,S,0,1,0,0,0,low,adult,train
523,0,3,0,27.148268952358006,7.225,NA,C,0,1,0,0,0,low,adult,train
524,1,1,1,44,57.9792,B,C,1,1,0,1,0,med,old,train
525,0,3,0,27.148268952358006,7.2292,NA,C,0,1,0,0,0,low,adult,train
526,0,3,0,40.5,7.75,NA,Q,0,1,0,0,0,low,old,train
527,1,2,1,50,10.5,NA,S,0,0,0,0,0,low,old,train
528,0,1,0,41.17638970577516,221.7792,C,S,0,1,0,0,0,very_high,old,train
529,0,3,0,39,7.925,NA,S,0,1,0,0,0,low,adult,train
530,0,2,0,23,11.5,NA,S,3,1,1,1,0,low,adult,train
531,1,2,1,2,26,NA,S,2,0,0,0,0,low,infant,train
532,0,3,0,27.148268952358006,7.2292,NA,C,0,1,0,0,0,low,adult,train
533,0,3,0,17,7.2292,NA,C,2,1,1,1,0,low,teenager,train
534,1,3,1,24.757583188893555,22.3583,NA,C,2,1,0,1,0,low,adult,train
535,0,3,1,30,8.6625,NA,S,0,0,0,0,0,low,adult,train
536,1,2,1,7,26.25,NA,S,2,0,0,0,0,low,child,train
537,0,1,0,45,26.55,B,S,0,0,0,0,1,low,old,train
538,1,1,1,30,106.425,NA,C,0,0,0,0,0,high,adult,train
539,0,3,0,27.148268952358006,14.5,NA,S,0,1,0,0,0,low,adult,train
540,1,1,1,22,49.5,B,C,2,0,0,0,0,med,adult,train
541,1,1,1,36,71,B,S,2,0,0,0,0,med,adult,train
542,0,3,1,9,31.275,NA,S,6,0,0,0,0,med,child,train
543,0,3,1,11,31.275,NA,S,6,0,0,0,0,med,child,train
544,1,2,0,32,26,NA,S,1,1,1,0,0,low,adult,train
545,0,1,0,50,106.425,C,C,1,1,1,0,0,high,old,train
546,0,1,0,64,26,NA,S,0,1,0,0,0,low,old,train
547,1,2,1,19,26,NA,S,1,1,1,0,0,low,teenager,train
548,1,2,0,31.312784261180596,13.8625,NA,C,0,1,0,0,0,low,adult,train
549,0,3,0,33,20.525,NA,S,2,1,1,1,0,low,adult,train
550,1,2,0,8,36.75,NA,S,2,0,0,0,0,med,child,train
551,1,1,0,17,110.8833,C,C,2,1,0,1,0,high,teenager,train
552,0,2,0,27,26,NA,S,0,1,0,0,0,low,adult,train
553,0,3,0,27.148268952358006,7.8292,NA,Q,0,1,0,0,0,low,adult,train
554,1,3,0,22,7.225,NA,C,0,1,0,0,0,low,adult,train
555,1,3,1,22,7.775,NA,S,0,0,0,0,0,low,adult,train
556,0,1,0,62,26.55,NA,S,0,1,0,0,0,low,old,train
557,1,1,1,48,39.6,A,C,1,1,1,0,1,med,old,train
558,0,1,0,41.17638970577516,227.525,NA,C,0,1,0,0,0,very_high,old,train
559,1,1,1,39,79.65,E,S,2,1,1,1,0,med,adult,train
560,1,3,1,36,17.4,NA,S,1,1,1,0,0,low,adult,train
561,0,3,0,27.148268952358006,7.75,NA,Q,0,1,0,0,0,low,adult,train
562,0,3,0,40,7.8958,NA,S,0,1,0,0,0,low,old,train
563,0,2,0,28,13.5,NA,S,0,1,0,0,0,low,adult,train
564,0,3,0,27.148268952358006,8.05,NA,S,0,1,0,0,0,low,adult,train
565,0,3,1,27.148268952358006,8.05,NA,S,0,0,0,0,0,low,adult,train
566,0,3,0,24,24.15,NA,S,2,1,1,0,0,low,adult,train
567,0,3,0,19,7.8958,NA,S,0,1,0,0,0,low,teenager,train
568,0,3,1,29,21.075,NA,S,4,1,0,1,0,low,adult,train
569,0,3,0,27.148268952358006,7.2292,NA,C,0,1,0,0,0,low,adult,train
570,1,3,0,32,7.8542,NA,S,0,1,0,0,0,low,adult,train
571,1,2,0,62,10.5,NA,S,0,1,0,0,0,low,old,train
572,1,1,1,53,51.4792,C,S,2,1,1,0,0,med,old,train
573,1,1,0,36,26.3875,E,S,0,1,0,0,0,low,adult,train
574,1,3,1,27.148268952358006,7.75,NA,Q,0,0,0,0,0,low,adult,train
575,0,3,0,16,8.05,NA,S,0,1,0,0,0,low,teenager,train
576,0,3,0,19,14.5,NA,S,0,1,0,0,0,low,teenager,train
577,1,2,1,34,13,NA,S,0,0,0,0,0,low,adult,train
578,1,1,1,39,55.9,E,S,1,1,1,0,0,med,adult,train
579,0,3,1,23.942198142895254,14.4583,NA,C,1,1,1,0,0,low,adult,train
580,1,3,0,32,7.925,NA,S,0,1,0,0,0,low,adult,train
581,1,2,1,25,30,NA,S,2,0,0,0,0,med,adult,train
582,1,1,1,39,110.8833,C,C,2,1,1,1,0,high,adult,train
583,0,2,0,54,26,NA,S,0,1,0,0,0,low,old,train
584,0,1,0,36,40.125,A,C,0,1,0,0,0,med,adult,train
585,0,3,0,27.148268952358006,8.7125,NA,C,0,1,0,0,0,low,adult,train
586,1,1,1,18,79.65,E,S,2,0,0,0,0,med,teenager,train
587,0,2,0,47,15,NA,S,0,1,0,0,0,low,old,train
588,1,1,0,60,79.2,B,C,2,1,1,1,0,med,old,train
589,0,3,0,22,8.05,NA,S,0,1,0,0,0,low,adult,train
590,0,3,0,27.148268952358006,8.05,NA,S,0,1,0,0,0,low,adult,train
591,0,3,0,35,7.125,NA,S,0,1,0,0,0,low,adult,train
592,1,1,1,52,78.2667,D,C,1,1,1,0,0,med,old,train
593,0,3,0,47,7.25,NA,S,0,1,0,0,0,low,old,train
594,0,3,1,24.757583188893555,7.75,NA,Q,2,0,0,0,0,low,adult,train
595,0,2,0,37,26,NA,S,1,1,1,0,0,low,adult,train
596,0,3,0,36,24.15,NA,S,2,1,1,1,0,low,adult,train
597,1,2,1,31.312784261180596,33,NA,S,0,0,0,0,0,med,adult,train
598,0,3,0,49,0,NA,S,0,1,0,0,0,low,old,train
599,0,3,0,27.148268952358006,7.225,NA,C,0,1,0,0,0,low,adult,train
600,1,1,0,49,56.9292,A,C,1,1,1,0,1,med,old,train
601,1,2,1,24,27,NA,S,3,1,1,1,0,low,adult,train
602,0,3,0,27.148268952358006,7.8958,NA,S,0,1,0,0,0,low,adult,train
603,0,1,0,41.17638970577516,42.4,NA,S,0,1,0,0,0,med,old,train
604,0,3,0,44,8.05,NA,S,0,1,0,0,0,low,old,train
605,1,1,0,35,26.55,NA,C,0,1,0,0,0,low,adult,train
606,0,3,0,36,15.55,NA,S,1,1,1,0,0,low,adult,train
607,0,3,0,30,7.8958,NA,S,0,1,0,0,0,low,adult,train
608,1,1,0,27,30.5,NA,S,0,1,0,0,0,med,adult,train
609,1,2,1,22,41.5792,NA,C,3,1,1,1,0,med,adult,train
610,1,1,1,40,153.4625,C,S,0,0,0,0,0,high,old,train
611,0,3,1,39,31.275,NA,S,6,1,1,1,0,med,adult,train
612,0,3,0,27.148268952358006,7.05,NA,S,0,1,0,0,0,low,adult,train
613,1,3,1,23.942198142895254,15.5,NA,Q,1,0,0,0,0,low,adult,train
614,0,3,0,27.148268952358006,7.75,NA,Q,0,1,0,0,0,low,adult,train
615,0,3,0,35,8.05,NA,S,0,1,0,0,0,low,adult,train
616,1,2,1,24,65,NA,S,3,0,0,0,0,med,adult,train
617,0,3,0,34,14.4,NA,S,2,1,1,1,0,low,adult,train
618,0,3,1,26,16.1,NA,S,1,1,1,0,0,low,adult,train
619,1,2,1,4,39,F,S,3,0,0,0,0,med,infant,train
620,0,2,0,26,10.5,NA,S,0,1,0,0,0,low,adult,train
621,0,3,0,27,14.4542,NA,C,1,1,1,0,0,low,adult,train
622,1,1,0,42,52.5542,D,S,1,1,1,0,0,med,old,train
623,1,3,0,20,15.7417,NA,C,2,1,1,1,0,low,adult,train
624,0,3,0,21,7.8542,NA,S,0,1,0,0,0,low,adult,train
625,0,3,0,21,16.1,NA,S,0,1,0,0,0,low,adult,train
626,0,1,0,61,32.3208,D,S,0,1,0,0,0,med,old,train
627,0,2,0,57,12.35,NA,Q,0,0,0,0,1,low,old,train
628,1,1,1,21,77.9583,D,S,0,0,0,0,0,med,adult,train
629,0,3,0,26,7.8958,NA,S,0,1,0,0,0,low,adult,train
630,0,3,0,27.148268952358006,7.7333,NA,Q,0,1,0,0,0,low,adult,train
631,1,1,0,80,30,A,S,0,1,0,0,0,med,old,train
632,0,3,0,51,7.0542,NA,S,0,1,0,0,0,low,old,train
633,1,1,0,32,30.5,B,C,0,0,0,0,1,med,adult,train
634,0,1,0,41.17638970577516,0,NA,S,0,1,0,0,0,low,old,train
635,0,3,1,9,27.9,NA,S,5,0,0,0,0,low,child,train
636,1,2,1,28,13,NA,S,0,0,0,0,0,low,adult,train
637,0,3,0,32,7.925,NA,S,0,1,0,0,0,low,adult,train
638,0,2,0,31,26.25,NA,S,2,1,1,1,1,low,adult,train
639,0,3,1,41,39.6875,NA,S,5,1,0,1,0,med,old,train
640,0,3,0,23.942198142895254,16.1,NA,S,1,1,1,0,0,low,adult,train
641,0,3,0,20,7.8542,NA,S,0,1,0,0,0,low,adult,train
642,1,1,1,24,69.3,B,C,0,0,0,0,0,med,adult,train
643,0,3,1,2,27.9,NA,S,5,0,0,0,0,low,infant,train
644,1,3,0,27.148268952358006,56.4958,NA,S,0,1,0,0,0,med,adult,train
645,1,3,1,0.75,19.2583,NA,C,3,0,0,0,0,low,infant,train
646,1,1,0,48,76.7292,D,C,1,1,1,0,0,med,old,train
647,0,3,0,19,7.8958,NA,S,0,1,0,0,0,low,teenager,train
648,1,1,0,56,35.5,A,C,0,0,0,0,1,med,old,train
649,0,3,0,27.148268952358006,7.55,NA,S,0,1,0,0,0,low,adult,train
650,1,3,1,23,7.55,NA,S,0,0,0,0,0,low,adult,train
651,0,3,0,27.148268952358006,7.8958,NA,S,0,1,0,0,0,low,adult,train
652,1,2,1,18,23,NA,S,1,0,0,0,0,low,teenager,train
653,0,3,0,21,8.4333,NA,S,0,1,0,0,0,low,adult,train
654,1,3,1,27.148268952358006,7.8292,NA,Q,0,0,0,0,0,low,adult,train
655,0,3,1,18,6.75,NA,Q,0,0,0,0,0,low,teenager,train
656,0,2,0,24,73.5,NA,S,2,1,1,0,0,med,adult,train
657,0,3,0,27.148268952358006,7.8958,NA,S,0,1,0,0,0,low,adult,train
658,0,3,1,32,15.5,NA,Q,2,1,1,1,0,low,adult,train
659,0,2,0,23,13,NA,S,0,1,0,0,0,low,adult,train
660,0,1,0,58,113.275,D,C,2,1,0,1,0,high,old,train
661,1,1,0,50,133.65,NA,S,2,0,0,0,1,high,old,train
662,0,3,0,40,7.225,NA,C,0,1,0,0,0,low,old,train
663,0,1,0,47,25.5875,E,S,0,1,0,0,1,low,old,train
664,0,3,0,36,7.4958,NA,S,0,1,0,0,1,low,adult,train
665,1,3,0,20,7.925,NA,S,1,1,1,0,0,low,adult,train
666,0,2,0,32,73.5,NA,S,2,1,1,0,0,med,adult,train
667,0,2,0,25,13,NA,S,0,1,0,0,0,low,adult,train
668,0,3,0,27.148268952358006,7.775,NA,S,0,1,0,0,0,low,adult,train
669,0,3,0,43,8.05,NA,S,0,1,0,0,0,low,old,train
670,1,1,1,37.970318896312406,52,C,S,1,1,1,0,0,med,adult,train
671,1,2,1,40,39,NA,S,2,1,1,1,0,med,old,train
672,0,1,0,31,52,B,S,1,1,1,0,0,med,adult,train
673,0,2,0,70,10.5,NA,S,0,1,0,0,0,low,old,train
674,1,2,0,31,13,NA,S,0,1,0,0,0,low,adult,train
675,0,2,0,31.312784261180596,0,NA,S,0,1,0,0,0,low,adult,train
676,0,3,0,18,7.775,NA,S,0,1,0,0,0,low,teenager,train
677,0,3,0,24.5,8.05,NA,S,0,1,0,0,0,low,adult,train
678,1,3,1,18,9.8417,NA,S,0,0,0,0,0,low,teenager,train
679,0,3,1,43,46.9,NA,S,7,1,1,1,0,med,old,train
680,1,1,0,36,512.3292,B,C,1,1,0,1,1,very_high,adult,train
681,0,3,1,27.148268952358006,8.1375,NA,Q,0,0,0,0,0,low,adult,train
682,1,1,0,27,76.7292,D,C,0,1,0,0,0,med,adult,train
683,0,3,0,20,9.225,NA,S,0,1,0,0,0,low,adult,train
684,0,3,0,14,46.9,NA,S,7,1,1,1,0,med,teenager,train
685,0,2,0,60,39,NA,S,2,1,1,1,0,med,old,train
686,0,2,0,25,41.5792,NA,C,3,1,1,1,0,med,adult,train
687,0,3,0,14,39.6875,NA,S,5,1,1,1,0,med,teenager,train
688,0,3,0,19,10.1708,NA,S,0,1,0,0,0,low,teenager,train
689,0,3,0,18,7.7958,NA,S,0,1,0,0,0,low,teenager,train
690,1,1,1,15,211.3375,B,S,1,0,0,0,0,very_high,teenager,train
691,1,1,0,31,57,B,S,1,1,1,0,0,med,adult,train
692,1,3,1,4,13.4167,NA,C,1,0,0,0,0,low,infant,train
693,1,3,0,27.148268952358006,56.4958,NA,S,0,1,0,0,0,med,adult,train
694,0,3,0,25,7.225,NA,C,0,1,0,0,0,low,adult,train
695,0,1,0,60,26.55,NA,S,0,0,0,0,1,low,old,train
696,0,2,0,52,13.5,NA,S,0,1,0,0,0,low,old,train
697,0,3,0,44,8.05,NA,S,0,1,0,0,0,low,old,train
698,1,3,1,27.148268952358006,7.7333,NA,Q,0,0,0,0,0,low,adult,train
699,0,1,0,49,110.8833,C,C,2,1,1,1,0,high,old,train
700,0,3,0,42,7.65,F,S,0,1,0,0,0,low,old,train
701,1,1,1,18,227.525,C,C,1,1,1,0,0,very_high,teenager,train
702,1,1,0,35,26.2875,E,S,0,1,0,0,0,low,adult,train
703,0,3,1,18,14.4542,NA,C,1,0,0,0,0,low,teenager,train
704,0,3,0,25,7.7417,NA,Q,0,1,0,0,0,low,adult,train
705,0,3,0,26,7.8542,NA,S,1,1,1,0,0,low,adult,train
706,0,2,0,39,26,NA,S,0,1,0,0,0,low,adult,train
707,1,2,1,45,13.5,NA,S,0,1,0,0,0,low,old,train
708,1,1,0,42,26.2875,E,S,0,1,0,0,0,low,old,train
709,1,1,1,22,151.55,NA,S,0,0,0,0,0,high,adult,train
710,1,3,0,22.746855261163027,15.2458,NA,C,2,0,0,0,0,low,adult,train
711,1,1,1,24,49.5042,C,C,0,1,0,0,0,med,adult,train
712,0,1,0,41.17638970577516,26.55,C,S,0,1,0,0,0,low,old,train
713,1,1,0,48,52,C,S,1,1,1,0,0,med,old,train
714,0,3,0,29,9.4833,NA,S,0,1,0,0,0,low,adult,train
715,0,2,0,52,13,NA,S,0,1,0,0,0,low,old,train
716,0,3,0,19,7.65,F,S,0,1,0,0,0,low,teenager,train
717,1,1,1,38,227.525,C,C,0,0,0,0,0,very_high,adult,train
718,1,2,1,27,10.5,E,S,0,0,0,0,0,low,adult,train
719,0,3,0,27.148268952358006,15.5,NA,Q,0,1,0,0,0,low,adult,train
720,0,3,0,33,7.775,NA,S,0,1,0,0,0,low,adult,train
721,1,2,1,6,33,NA,S,1,0,0,0,0,med,child,train
722,0,3,0,17,7.0542,NA,S,1,1,1,0,0,low,teenager,train
723,0,2,0,34,13,NA,S,0,1,0,0,0,low,adult,train
724,0,2,0,50,13,NA,S,0,1,0,0,0,low,old,train
725,1,1,0,27,53.1,E,S,1,1,1,0,0,med,adult,train
726,0,3,0,20,8.6625,NA,S,0,1,0,0,0,low,adult,train
727,1,2,1,30,21,NA,S,3,1,1,0,0,low,adult,train
728,1,3,1,27.148268952358006,7.7375,NA,Q,0,0,0,0,0,low,adult,train
729,0,2,0,25,26,NA,S,1,1,1,0,0,low,adult,train
730,0,3,1,25,7.925,NA,S,1,0,0,0,0,low,adult,train
731,1,1,1,29,211.3375,B,S,0,0,0,0,0,very_high,adult,train
732,0,3,0,11,18.7875,NA,C,0,1,0,0,0,low,child,train
733,0,2,0,31.312784261180596,0,NA,S,0,1,0,0,0,low,adult,train
734,0,2,0,23,13,NA,S,0,1,0,0,0,low,adult,train
735,0,2,0,23,13,NA,S,0,1,0,0,0,low,adult,train
736,0,3,0,28.5,16.1,NA,S,0,1,0,0,0,low,adult,train
737,0,3,1,48,34.375,NA,S,4,1,1,1,0,med,old,train
738,1,1,0,35,512.3292,B,C,0,1,0,0,0,very_high,adult,train
739,0,3,0,27.148268952358006,7.8958,NA,S,0,1,0,0,0,low,adult,train
740,0,3,0,27.148268952358006,7.8958,NA,S,0,1,0,0,0,low,adult,train
741,1,1,0,41.17638970577516,30,D,S,0,1,0,0,0,med,old,train
742,0,1,0,36,78.85,C,S,1,1,1,0,0,med,adult,train
743,1,1,1,21,262.375,B,C,4,0,0,0,0,very_high,adult,train
744,0,3,0,24,16.1,NA,S,1,1,1,0,0,low,adult,train
745,1,3,0,31,7.925,NA,S,0,1,0,0,0,low,adult,train
746,0,1,0,70,71,B,S,2,0,0,0,0,med,old,train
747,0,3,0,16,20.25,NA,S,2,1,1,1,0,low,teenager,train
748,1,2,1,30,13,NA,S,0,0,0,0,0,low,adult,train
749,0,1,0,19,53.1,D,S,1,1,1,0,0,med,teenager,train
750,0,3,0,31,7.75,NA,Q,0,1,0,0,0,low,adult,train
751,1,2,1,4,23,NA,S,2,0,0,0,0,low,infant,train
752,1,3,0,6,12.475,E,S,1,0,0,0,0,low,child,train
753,0,3,0,33,9.5,NA,S,0,1,0,0,0,low,adult,train
754,0,3,0,23,7.8958,NA,S,0,1,0,0,0,low,adult,train
755,1,2,1,48,65,NA,S,3,1,1,1,0,med,old,train
756,1,2,0,0.67,14.5,NA,S,2,0,0,0,0,low,infant,train
757,0,3,0,28,7.7958,NA,S,0,1,0,0,0,low,adult,train
758,0,2,0,18,11.5,NA,S,0,1,0,0,0,low,teenager,train
759,0,3,0,34,8.05,NA,S,0,1,0,0,0,low,adult,train
760,1,1,1,33,86.5,B,S,0,0,0,0,0,med,adult,train
761,0,3,0,27.148268952358006,14.5,NA,S,0,1,0,0,0,low,adult,train
762,0,3,0,41,7.125,NA,S,0,1,0,0,0,low,old,train
763,1,3,0,20,7.2292,NA,C,0,1,0,0,0,low,adult,train
764,1,1,1,36,120,B,S,3,1,1,1,0,high,adult,train
765,0,3,0,16,7.775,NA,S,0,1,0,0,0,low,teenager,train
766,1,1,1,51,77.9583,D,S,1,1,1,0,0,med,old,train
767,0,1,0,41.17638970577516,39.6,NA,C,0,0,0,0,1,med,old,train
768,0,3,1,30.5,7.75,NA,Q,0,0,0,0,0,low,adult,train
769,0,3,0,23.942198142895254,24.15,NA,Q,1,1,1,0,0,low,adult,train
770,0,3,0,32,8.3625,NA,S,0,1,0,0,0,low,adult,train
771,0,3,0,24,9.5,NA,S,0,1,0,0,0,low,adult,train
772,0,3,0,48,7.8542,NA,S,0,1,0,0,0,low,old,train
773,0,2,1,57,10.5,E,S,0,1,0,0,0,low,old,train
774,0,3,0,27.148268952358006,7.225,NA,C,0,1,0,0,0,low,adult,train
775,1,2,1,54,23,NA,S,4,1,1,1,0,low,old,train
776,0,3,0,18,7.75,NA,S,0,1,0,0,0,low,teenager,train
777,0,3,0,27.148268952358006,7.75,F,Q,0,1,0,0,0,low,adult,train
778,1,3,1,5,12.475,NA,S,0,0,0,0,0,low,child,train
779,0,3,0,27.148268952358006,7.7375,NA,Q,0,1,0,0,0,low,adult,train
780,1,1,1,43,211.3375,B,S,1,1,0,1,0,very_high,old,train
781,1,3,1,13,7.2292,NA,C,0,0,0,0,0,low,teenager,train
782,1,1,1,17,57,B,S,1,1,1,0,0,med,teenager,train
783,0,1,0,29,30,D,S,0,1,0,0,0,med,adult,train
784,0,3,0,21.551512379430804,23.45,NA,S,3,1,1,1,0,low,adult,train
785,0,3,0,25,7.05,NA,S,0,1,0,0,0,low,adult,train
786,0,3,0,25,7.25,NA,S,0,1,0,0,0,low,adult,train
787,1,3,1,18,7.4958,NA,S,0,0,0,0,0,low,teenager,train
788,0,3,0,8,29.125,NA,Q,5,0,0,0,0,low,child,train
789,1,3,0,1,20.575,NA,S,3,0,0,0,0,low,infant,train
790,0,1,0,46,79.2,B,C,0,1,0,0,0,med,old,train
791,0,3,0,27.148268952358006,7.75,NA,Q,0,1,0,0,0,low,adult,train
792,0,2,0,16,26,NA,S,0,1,0,0,0,low,teenager,train
793,0,3,1,0,69.55,NA,S,10,0,0,0,0,med,infant,train
794,0,1,0,41.17638970577516,30.6958,NA,C,0,1,0,0,0,med,old,train
795,0,3,0,25,7.8958,NA,S,0,1,0,0,0,low,adult,train
796,0,2,0,39,13,NA,S,0,1,0,0,0,low,adult,train
797,1,1,1,49,25.9292,D,S,0,0,0,0,1,low,old,train
798,1,3,1,31,8.6833,NA,S,0,1,0,0,0,low,adult,train
799,0,3,0,30,7.2292,NA,C,0,1,0,0,0,low,adult,train
800,0,3,1,30,24.15,NA,S,2,1,1,1,0,low,adult,train
801,0,2,0,34,13,NA,S,0,1,0,0,0,low,adult,train
802,1,2,1,31,26.25,NA,S,2,1,1,1,1,low,adult,train
803,1,1,0,11,120,B,S,3,0,0,0,0,high,child,train
804,1,3,0,0.42,8.5167,NA,C,1,0,0,0,0,low,infant,train
805,1,3,0,27,6.975,NA,S,0,1,0,0,0,low,adult,train
806,0,3,0,31,7.775,NA,S,0,1,0,0,0,low,adult,train
807,0,1,0,39,0,A,S,0,1,0,0,0,low,adult,train
808,0,3,1,18,7.775,NA,S,0,0,0,0,0,low,teenager,train
809,0,2,0,39,13,NA,S,0,1,0,0,0,low,adult,train
810,1,1,1,33,53.1,E,S,1,1,1,0,0,med,adult,train
811,0,3,0,26,7.8875,NA,S,0,1,0,0,0,low,adult,train
812,0,3,0,39,24.15,NA,S,0,1,0,0,0,low,adult,train
813,0,2,0,35,10.5,NA,S,0,1,0,0,0,low,adult,train
814,0,3,1,6,31.275,NA,S,6,0,0,0,0,med,child,train
815,0,3,0,30.5,8.05,NA,S,0,1,0,0,0,low,adult,train
816,0,1,0,41.17638970577516,0,B,S,0,1,0,0,0,low,old,train
817,0,3,1,23,7.925,NA,S,0,0,0,0,0,low,adult,train
818,0,2,0,31,37.0042,NA,C,2,1,1,1,0,med,adult,train
819,0,3,0,43,6.45,NA,S,0,1,0,0,0,low,old,train
820,0,3,0,10,27.9,NA,S,5,0,0,0,0,low,child,train
821,1,1,1,52,93.5,B,S,2,1,1,1,0,med,old,train
822,1,3,0,27,8.6625,NA,S,0,1,0,0,0,low,adult,train
823,0,1,0,38,0,NA,S,0,0,0,0,0,low,adult,train
824,1,3,1,27,12.475,E,S,1,1,0,1,0,low,adult,train
825,0,3,0,2,39.6875,NA,S,5,0,0,0,0,med,infant,train
826,0,3,0,27.148268952358006,6.95,NA,Q,0,1,0,0,0,low,adult,train
827,0,3,0,27.148268952358006,56.4958,NA,S,0,1,0,0,0,med,adult,train
828,1,2,0,1,37.0042,NA,C,2,0,0,0,0,med,infant,train
829,1,3,0,27.148268952358006,7.75,NA,Q,0,1,0,0,0,low,adult,train
830,1,1,1,62,80,B,NA,0,1,0,0,0,med,old,train
831,1,3,1,15,14.4542,NA,C,1,1,1,0,0,low,teenager,train
832,1,2,0,0.83,18.75,NA,S,2,0,0,0,0,low,infant,train
833,0,3,0,27.148268952358006,7.2292,NA,C,0,1,0,0,0,low,adult,train
834,0,3,0,23,7.8542,NA,S,0,1,0,0,0,low,adult,train
835,0,3,0,18,8.3,NA,S,0,1,0,0,0,low,teenager,train
836,1,1,1,39,83.1583,E,C,2,0,0,0,0,med,adult,train
837,0,3,0,21,8.6625,NA,S,0,1,0,0,0,low,adult,train
838,0,3,0,27.148268952358006,8.05,NA,S,0,1,0,0,1,low,adult,train
839,1,3,0,32,56.4958,NA,S,0,1,0,0,0,med,adult,train
840,1,1,0,41.17638970577516,29.7,C,C,0,1,0,0,0,low,old,train
841,0,3,0,20,7.925,NA,S,0,1,0,0,0,low,adult,train
842,0,2,0,16,10.5,NA,S,0,1,0,0,0,low,teenager,train
843,1,1,1,30,31,NA,C,0,0,0,0,0,med,adult,train
844,0,3,0,34.5,6.4375,NA,C,0,1,0,0,0,low,adult,train
845,0,3,0,17,8.6625,NA,S,0,1,0,0,0,low,teenager,train
846,0,3,0,42,7.55,NA,S,0,1,0,0,0,low,old,train
847,0,3,0,0,69.55,NA,S,10,1,1,1,0,med,infant,train
848,0,3,0,35,7.8958,NA,C,0,1,0,0,0,low,adult,train
849,0,2,0,28,33,NA,S,1,0,0,0,1,med,adult,train
850,1,1,1,37.970318896312406,89.1042,C,C,1,1,1,0,0,med,adult,train
851,0,3,0,4,31.275,NA,S,6,0,0,0,0,med,infant,train
852,0,3,0,74,7.775,NA,S,0,1,0,0,0,low,old,train
853,0,3,1,9,15.2458,NA,C,2,0,0,0,0,low,child,train
854,1,1,1,16,39.4,D,S,1,0,0,0,0,med,teenager,train
855,0,2,1,44,26,NA,S,1,1,1,0,0,low,old,train
856,1,3,1,18,9.35,NA,S,1,1,0,1,0,low,teenager,train
857,1,1,1,45,164.8667,NA,S,2,1,1,1,0,high,old,train
858,1,1,0,51,26.55,E,S,0,1,0,0,0,low,old,train
859,1,3,1,24,19.2583,NA,C,3,1,0,1,0,low,adult,train
860,0,3,0,27.148268952358006,7.2292,NA,C,0,1,0,0,0,low,adult,train
861,0,3,0,41,14.1083,NA,S,2,1,1,0,0,low,old,train
862,0,2,0,21,11.5,NA,S,1,1,1,0,0,low,adult,train
863,1,1,1,48,25.9292,D,S,0,1,0,0,0,low,old,train
864,0,3,1,0,69.55,NA,S,10,0,0,0,0,med,infant,train
865,0,2,0,24,13,NA,S,0,1,0,0,0,low,adult,train
866,1,2,1,42,13,NA,S,0,1,0,0,0,low,old,train
867,1,2,1,27,13.8583,NA,C,1,0,0,0,0,low,adult,train
868,0,1,0,31,50.4958,A,S,0,1,0,0,0,med,adult,train
869,0,3,0,27.148268952358006,9.5,NA,S,0,1,0,0,0,low,adult,train
870,1,3,0,4,11.1333,NA,S,2,0,0,0,0,low,infant,train
871,0,3,0,26,7.8958,NA,S,0,1,0,0,0,low,adult,train
872,1,1,1,47,52.5542,D,S,2,1,1,1,0,med,old,train
873,0,1,0,33,5,B,S,0,1,0,0,0,low,adult,train
874,0,3,0,47,9,NA,S,0,1,0,0,0,low,old,train
875,1,2,1,28,24,NA,C,1,1,1,0,0,low,adult,train
876,1,3,1,15,7.225,NA,C,0,0,0,0,0,low,teenager,train
877,0,3,0,20,9.8458,NA,S,0,1,0,0,0,low,adult,train
878,0,3,0,19,7.8958,NA,S,0,1,0,0,0,low,teenager,train
879,0,3,0,27.148268952358006,7.8958,NA,S,0,1,0,0,0,low,adult,train
880,1,1,1,56,83.1583,C,C,1,1,0,1,0,med,old,train
881,1,2,1,25,26,NA,S,1,1,0,1,0,low,adult,train
882,0,3,0,33,7.8958,NA,S,0,1,0,0,0,low,adult,train
883,0,3,1,22,10.5167,NA,S,0,0,0,0,0,low,adult,train
884,0,2,0,28,10.5,NA,S,0,1,0,0,0,low,adult,train
885,0,3,0,25,7.05,NA,S,0,1,0,0,0,low,adult,train
886,0,3,1,39,29.125,NA,Q,5,1,0,1,0,low,adult,train
887,0,2,0,27,13,NA,S,0,0,0,0,1,low,adult,train
888,1,1,1,19,30,B,S,0,0,0,0,0,med,teenager,train
889,0,3,1,21.551512379430804,23.45,NA,S,3,0,0,0,0,low,adult,train
890,1,1,0,26,30,C,C,0,1,0,0,0,med,adult,train
891,0,3,0,32,7.75,NA,Q,0,1,0,0,0,low,adult,train
892,NA,3,0,34.5,7.8292,NA,Q,0,1,0,0,0,low,adult,test
893,NA,3,1,47,7,NA,S,1,1,1,0,0,low,old,test
894,NA,2,0,62,9.6875,NA,Q,0,1,0,0,0,low,old,test
895,NA,3,0,27,8.6625,NA,S,0,1,0,0,0,low,adult,test
896,NA,3,1,22,12.2875,NA,S,2,1,1,1,0,low,adult,test
897,NA,3,0,14,9.225,NA,S,0,1,0,0,0,low,teenager,test
898,NA,3,1,30,7.6292,NA,Q,0,0,0,0,0,low,adult,test
899,NA,2,0,26,29,NA,S,2,1,1,1,0,low,adult,test
900,NA,3,1,18,7.2292,NA,C,0,1,0,0,0,low,teenager,test
901,NA,3,0,21,24.15,NA,S,2,1,1,0,0,low,adult,test
902,NA,3,0,27.148268952358006,7.8958,NA,S,0,1,0,0,0,low,adult,test
903,NA,1,0,46,26,NA,S,0,1,0,0,0,low,old,test
904,NA,1,1,23,82.2667,B,S,1,1,1,0,0,med,adult,test
905,NA,2,0,63,26,NA,S,1,1,1,0,0,low,old,test
906,NA,1,1,47,61.175,E,S,1,1,1,0,0,med,old,test
907,NA,2,1,24,27.7208,NA,C,1,1,1,0,0,low,adult,test
908,NA,2,0,35,12.35,NA,Q,0,1,0,0,0,low,adult,test
909,NA,3,0,21,7.225,NA,C,0,1,0,0,0,low,adult,test
910,NA,3,1,27,7.925,NA,S,1,0,0,0,0,low,adult,test
911,NA,3,1,45,7.225,NA,C,0,1,0,0,0,low,old,test
912,NA,1,0,55,59.4,NA,C,1,1,1,0,0,med,old,test
913,NA,3,0,9,3.1708,NA,S,1,0,0,0,0,low,child,test
914,NA,1,1,41.17638970577516,31.6833,NA,S,0,1,0,0,0,med,old,test
915,NA,1,0,21,61.3792,NA,C,1,1,0,1,0,med,adult,test
916,NA,1,1,48,262.375,B,C,4,1,1,1,0,very_high,old,test
917,NA,3,0,50,14.5,NA,S,1,1,1,0,0,low,old,test
918,NA,1,1,22,61.9792,B,C,1,0,0,0,0,med,adult,test
919,NA,3,0,22.5,7.225,NA,C,0,1,0,0,0,low,adult,test
920,NA,1,0,41,30.5,A,S,0,1,0,0,0,med,old,test
921,NA,3,0,20.736127333432503,21.6792,NA,C,2,1,1,0,0,low,adult,test
922,NA,2,0,50,26,NA,S,1,1,1,0,0,low,old,test
923,NA,2,0,24,31.5,NA,S,2,1,1,0,0,med,adult,test
924,NA,3,1,33,20.575,NA,S,3,1,1,1,0,low,adult,test
925,NA,3,1,21.551512379430804,23.45,NA,S,3,1,1,1,0,low,adult,test
926,NA,1,0,30,57.75,C,C,1,1,1,0,0,med,adult,test
927,NA,3,0,18.5,7.2292,NA,C,0,1,0,0,0,low,teenager,test
928,NA,3,1,27.148268952358006,8.05,NA,S,0,0,0,0,0,low,adult,test
929,NA,3,1,21,8.6625,NA,S,0,0,0,0,0,low,adult,test
930,NA,3,0,25,9.5,NA,S,0,1,0,0,0,low,adult,test
931,NA,3,0,27.148268952358006,56.4958,NA,S,0,1,0,0,0,med,adult,test
932,NA,3,0,39,13.4167,NA,C,1,1,0,1,0,low,adult,test
933,NA,1,0,41.17638970577516,26.55,D,S,0,1,0,0,0,low,old,test
934,NA,3,0,41,7.85,NA,S,0,1,0,0,0,low,old,test
935,NA,2,1,30,13,NA,S,0,1,0,0,1,low,adult,test
936,NA,1,1,45,52.5542,D,S,1,1,1,0,0,med,old,test
937,NA,3,0,25,7.925,NA,S,0,1,0,0,0,low,adult,test
938,NA,1,0,45,29.7,A,C,0,1,0,0,0,low,old,test
939,NA,3,0,27.148268952358006,7.75,NA,Q,0,1,0,0,0,low,adult,test
940,NA,1,1,60,76.2917,D,C,0,1,0,0,0,med,old,test
941,NA,3,1,36,15.9,NA,S,2,1,0,1,0,low,adult,test
942,NA,1,0,24,60,C,S,1,1,1,0,0,med,adult,test
943,NA,2,0,27,15.0333,NA,C,0,1,0,0,0,low,adult,test
944,NA,2,1,20,23,NA,S,3,0,0,0,0,low,adult,test
945,NA,1,1,28,263,C,S,5,0,0,0,0,very_high,adult,test
946,NA,2,0,31.312784261180596,15.5792,NA,C,0,1,0,0,0,low,adult,test
947,NA,3,0,10,29.125,NA,Q,5,0,0,0,0,low,child,test
948,NA,3,0,35,7.8958,NA,S,0,1,0,0,0,low,adult,test
949,NA,3,0,25,7.65,F,S,0,1,0,0,0,low,adult,test
950,NA,3,0,23.942198142895254,16.1,NA,S,1,1,1,0,0,low,adult,test
951,NA,1,1,36,262.375,B,C,0,0,0,0,0,very_high,adult,test
952,NA,3,0,17,7.8958,NA,S,0,1,0,0,0,low,teenager,test
953,NA,2,0,32,13.5,NA,S,0,1,0,0,0,low,adult,test
954,NA,3,0,18,7.75,NA,S,0,1,0,0,0,low,teenager,test
955,NA,3,1,22,7.725,NA,Q,0,0,0,0,0,low,adult,test
956,NA,1,0,13,262.375,B,C,4,0,0,0,0,very_high,teenager,test
957,NA,2,1,31.312784261180596,21,NA,S,0,1,0,0,0,low,adult,test
958,NA,3,1,18,7.8792,NA,Q,0,0,0,0,0,low,teenager,test
959,NA,1,0,47,42.4,NA,S,0,1,0,0,0,med,old,test
960,NA,1,0,31,28.5375,C,C,0,1,0,0,0,low,adult,test
961,NA,1,1,60,263,C,S,5,1,1,1,0,very_high,old,test
962,NA,3,1,24,7.75,NA,Q,0,0,0,0,0,low,adult,test
963,NA,3,0,21,7.8958,NA,S,0,1,0,0,0,low,adult,test
964,NA,3,1,29,7.925,NA,S,0,0,0,0,0,low,adult,test
965,NA,1,0,28.5,27.7208,D,C,0,1,0,0,0,low,adult,test
966,NA,1,1,35,211.5,C,C,0,0,0,0,0,very_high,adult,test
967,NA,1,0,32.5,211.5,C,C,0,1,0,0,0,very_high,adult,test
968,NA,3,0,27.148268952358006,8.05,NA,S,0,1,0,0,0,low,adult,test
969,NA,1,1,55,25.7,C,S,2,1,1,0,0,low,old,test
970,NA,2,0,30,13,NA,S,0,1,0,0,0,low,adult,test
971,NA,3,1,24,7.75,NA,Q,0,0,0,0,0,low,adult,test
972,NA,3,0,6,15.2458,NA,C,2,0,0,0,0,low,child,test
973,NA,1,0,67,221.7792,C,S,1,1,1,0,0,very_high,old,test
974,NA,1,0,49,26,NA,S,0,1,0,0,0,low,old,test
975,NA,3,0,27.148268952358006,7.8958,NA,S,0,1,0,0,0,low,adult,test
976,NA,2,0,31.312784261180596,10.7083,NA,Q,0,1,0,0,0,low,adult,test
977,NA,3,0,23.942198142895254,14.4542,NA,C,1,1,1,0,0,low,adult,test
978,NA,3,1,27,7.8792,NA,Q,0,0,0,0,0,low,adult,test
979,NA,3,1,18,8.05,NA,S,0,0,0,0,0,low,teenager,test
980,NA,3,1,27.148268952358006,7.75,NA,Q,0,0,0,0,0,low,adult,test
981,NA,2,0,2,23,NA,S,2,0,0,0,0,low,infant,test
982,NA,3,1,22,13.9,NA,S,1,1,1,0,0,low,adult,test
983,NA,3,0,27.148268952358006,7.775,NA,S,0,1,0,0,0,low,adult,test
984,NA,1,1,27,52,B,S,3,1,1,1,0,med,adult,test
985,NA,3,0,27.148268952358006,8.05,NA,S,0,1,0,0,0,low,adult,test
986,NA,1,0,25,26,NA,C,0,1,0,0,0,low,adult,test
987,NA,3,0,25,7.7958,NA,S,0,1,0,0,0,low,adult,test
988,NA,1,1,76,78.85,C,S,1,1,1,0,0,med,old,test
989,NA,3,0,29,7.925,NA,S,0,1,0,0,0,low,adult,test
990,NA,3,1,20,7.8542,NA,S,0,0,0,0,0,low,adult,test
991,NA,3,0,33,8.05,NA,S,0,1,0,0,0,low,adult,test
992,NA,1,1,43,55.4417,C,C,1,1,1,0,0,med,old,test
993,NA,2,0,27,26,NA,S,1,1,1,0,0,low,adult,test
994,NA,3,0,27.148268952358006,7.75,NA,Q,0,1,0,0,0,low,adult,test
995,NA,3,0,26,7.775,NA,S,0,1,0,0,0,low,adult,test
996,NA,3,1,16,8.5167,NA,C,2,1,1,1,0,low,teenager,test
997,NA,3,0,28,22.525,NA,S,0,1,0,0,0,low,adult,test
998,NA,3,0,21,7.8208,NA,Q,0,1,0,0,0,low,adult,test
999,NA,3,0,27.148268952358006,7.75,NA,Q,0,1,0,0,0,low,adult,test
1000,NA,3,0,27.148268952358006,8.7125,NA,S,0,1,0,0,0,low,adult,test
1001,NA,2,0,18.5,13,F,S,0,1,0,0,0,low,teenager,test
1002,NA,2,0,41,15.0458,NA,C,0,1,0,0,0,low,old,test
1003,NA,3,1,27.148268952358006,7.7792,NA,Q,0,0,0,0,0,low,adult,test
1004,NA,1,1,36,31.6792,A,C,0,0,0,0,0,med,adult,test
1005,NA,3,1,18.5,7.2833,NA,Q,0,0,0,0,0,low,teenager,test
1006,NA,1,1,63,221.7792,C,S,1,1,1,0,0,very_high,old,test
1007,NA,3,0,18,14.4542,NA,C,1,1,1,0,0,low,teenager,test
1008,NA,3,0,27.148268952358006,6.4375,NA,C,0,1,0,0,0,low,adult,test
1009,NA,3,1,1,16.7,G,S,2,0,0,0,0,low,infant,test
1010,NA,1,0,36,75.2417,C,C,0,1,0,0,0,med,adult,test
1011,NA,2,1,29,26,NA,S,1,1,1,0,0,low,adult,test
1012,NA,2,1,12,15.75,NA,S,0,0,0,0,0,low,teenager,test
1013,NA,3,0,23.942198142895254,7.75,NA,Q,1,1,1,0,0,low,adult,test
1014,NA,1,1,35,57.75,C,C,1,1,1,0,0,med,adult,test
1015,NA,3,0,28,7.25,NA,S,0,1,0,0,0,low,adult,test
1016,NA,3,0,27.148268952358006,7.75,NA,Q,0,1,0,0,0,low,adult,test
1017,NA,3,1,17,16.1,NA,S,1,0,0,0,0,low,teenager,test
1018,NA,3,0,22,7.7958,NA,S,0,1,0,0,0,low,adult,test
1019,NA,3,1,20.736127333432503,23.25,NA,Q,2,0,0,0,0,low,adult,test
1020,NA,2,0,42,13,NA,S,0,1,0,0,0,low,old,test
1021,NA,3,0,24,8.05,NA,S,0,1,0,0,0,low,adult,test
1022,NA,3,0,32,8.05,NA,S,0,1,0,0,0,low,adult,test
1023,NA,1,0,53,28.5,C,C,0,0,0,0,1,low,old,test
1024,NA,3,1,22.3668974254291,25.4667,NA,S,4,1,0,1,0,low,adult,test
1025,NA,3,0,23.942198142895254,6.4375,NA,C,1,1,1,0,0,low,adult,test
1026,NA,3,0,43,7.8958,NA,S,0,1,0,0,0,low,old,test
1027,NA,3,0,24,7.8542,NA,S,0,1,0,0,0,low,adult,test
1028,NA,3,0,26.5,7.225,NA,C,0,1,0,0,0,low,adult,test
1029,NA,2,0,26,13,NA,S,0,1,0,0,0,low,adult,test
1030,NA,3,1,23,8.05,NA,S,0,0,0,0,1,low,adult,test
1031,NA,3,0,40,46.9,NA,S,7,1,1,1,0,med,old,test
1032,NA,3,1,10,46.9,NA,S,7,0,0,0,0,med,child,test
1033,NA,1,1,33,151.55,NA,S,0,0,0,0,0,high,adult,test
1034,NA,1,0,61,262.375,B,C,4,1,1,1,0,very_high,old,test
1035,NA,2,0,28,26,NA,S,0,1,0,0,0,low,adult,test
1036,NA,1,0,42,26.55,NA,S,0,1,0,0,0,low,old,test
1037,NA,3,0,31,18,NA,S,3,1,1,0,0,low,adult,test
1038,NA,1,0,41.17638970577516,51.8625,E,S,0,1,0,0,0,med,old,test
1039,NA,3,0,22,8.05,NA,S,0,1,0,0,0,low,adult,test
1040,NA,1,0,41.17638970577516,26.55,NA,S,0,1,0,0,0,low,old,test
1041,NA,2,0,30,26,NA,S,2,0,0,0,1,low,adult,test
1042,NA,1,1,23,83.1583,C,C,1,1,0,1,0,med,adult,test
1043,NA,3,0,27.148268952358006,7.8958,NA,C,0,1,0,0,0,low,adult,test
1044,NA,3,0,60.5,8.4549,NA,S,0,1,0,0,0,low,old,test
1045,NA,3,1,36,12.1833,NA,S,2,1,0,1,0,low,adult,test
1046,NA,3,0,13,31.3875,NA,S,6,0,0,0,0,med,teenager,test
1047,NA,3,0,24,7.55,NA,S,0,1,0,0,0,low,adult,test
1048,NA,1,1,29,221.7792,C,S,0,0,0,0,0,very_high,adult,test
1049,NA,3,1,23,7.8542,NA,S,0,0,0,0,0,low,adult,test
1050,NA,1,0,42,26.55,D,S,0,1,0,0,0,low,old,test
1051,NA,3,1,26,13.775,NA,S,2,1,0,1,0,low,adult,test
1052,NA,3,1,27.148268952358006,7.7333,NA,Q,0,0,0,0,0,low,adult,test
1053,NA,3,0,7,15.2458,NA,C,2,0,0,0,0,low,child,test
1054,NA,2,1,26,13.5,NA,S,0,0,0,0,0,low,adult,test
1055,NA,3,0,27.148268952358006,7,NA,S,0,1,0,0,0,low,adult,test
1056,NA,2,0,41,13,NA,S,0,0,0,0,1,low,old,test
1057,NA,3,1,26,22.025,NA,S,2,1,1,1,0,low,adult,test
1058,NA,1,0,48,50.4958,B,C,0,1,0,0,0,med,old,test
1059,NA,3,0,18,34.375,NA,S,4,1,1,1,0,med,teenager,test
1060,NA,1,1,41.17638970577516,27.7208,NA,C,0,1,0,0,0,low,old,test
1061,NA,3,1,22,8.9625,NA,S,0,0,0,0,0,low,adult,test
1062,NA,3,0,27.148268952358006,7.55,NA,S,0,1,0,0,0,low,adult,test
1063,NA,3,0,27,7.225,NA,C,0,1,0,0,0,low,adult,test
1064,NA,3,0,23,13.9,NA,S,1,1,1,0,0,low,adult,test
1065,NA,3,0,27.148268952358006,7.2292,NA,C,0,1,0,0,0,low,adult,test
1066,NA,3,0,40,31.3875,NA,S,6,1,1,1,0,med,old,test
1067,NA,2,1,15,39,NA,S,2,0,0,0,0,med,teenager,test
1068,NA,2,1,20,36.75,NA,S,0,0,0,0,0,med,adult,test
1069,NA,1,0,54,55.4417,C,C,1,1,1,0,0,med,old,test
1070,NA,2,1,36,39,F,S,3,1,0,1,0,med,adult,test
1071,NA,1,1,64,83.1583,E,C,2,1,0,1,0,med,old,test
1072,NA,2,0,30,13,NA,S,0,1,0,0,0,low,adult,test
1073,NA,1,0,37,83.1583,E,C,2,1,1,1,0,med,adult,test
1074,NA,1,1,18,53.1,D,S,1,1,1,0,0,med,teenager,test
1075,NA,3,0,27.148268952358006,7.75,NA,Q,0,1,0,0,0,low,adult,test
1076,NA,1,1,27,247.5208,B,C,2,1,1,1,0,very_high,adult,test
1077,NA,2,0,40,16,NA,S,0,1,0,0,0,low,old,test
1078,NA,2,1,21,21,NA,S,1,0,0,0,0,low,adult,test
1079,NA,3,0,17,8.05,NA,S,2,1,1,0,0,low,teenager,test
1080,NA,3,1,0,69.55,NA,S,10,0,0,0,0,med,infant,test
1081,NA,2,0,40,13,NA,S,0,1,0,0,0,low,old,test
1082,NA,2,0,34,26,NA,S,1,1,1,0,0,low,adult,test
1083,NA,1,0,41.17638970577516,26,NA,S,0,1,0,0,0,low,old,test
1084,NA,3,0,11.5,14.5,NA,S,2,0,0,0,0,low,child,test
1085,NA,2,0,61,12.35,NA,Q,0,1,0,0,0,low,old,test
1086,NA,2,0,8,32.5,NA,S,2,0,0,0,1,med,child,test
1087,NA,3,0,33,7.8542,NA,S,0,1,0,0,0,low,adult,test
1088,NA,1,0,6,134.5,E,C,2,0,0,0,0,high,child,test
1089,NA,3,1,18,7.775,NA,S,0,0,0,0,0,low,teenager,test
1090,NA,2,0,23,10.5,NA,S,0,1,0,0,0,low,adult,test
1091,NA,3,1,27.148268952358006,8.1125,NA,S,0,1,0,0,0,low,adult,test
1092,NA,3,1,27.148268952358006,15.5,NA,Q,0,0,0,0,0,low,adult,test
1093,NA,3,0,0.33,14.4,NA,S,2,0,0,0,0,low,infant,test
1094,NA,1,0,47,227.525,C,C,1,0,0,0,1,very_high,old,test
1095,NA,2,1,8,26,NA,S,2,0,0,0,0,low,child,test
1096,NA,2,0,25,10.5,NA,S,0,1,0,0,0,low,adult,test
1097,NA,1,0,41.17638970577516,25.7417,NA,C,0,1,0,0,0,low,old,test
1098,NA,3,1,35,7.75,NA,Q,0,0,0,0,0,low,adult,test
1099,NA,2,0,24,10.5,NA,S,0,1,0,0,1,low,adult,test
1100,NA,1,1,33,27.7208,A,C,0,0,0,0,0,low,adult,test
1101,NA,3,0,25,7.8958,NA,S,0,1,0,0,0,low,adult,test
1102,NA,3,0,32,22.525,NA,S,0,1,0,0,0,low,adult,test
1103,NA,3,0,27.148268952358006,7.05,NA,S,0,1,0,0,0,low,adult,test
1104,NA,2,0,17,73.5,NA,S,0,1,0,0,0,med,teenager,test
1105,NA,2,1,60,26,NA,S,1,1,1,0,0,low,old,test
1106,NA,3,1,38,7.775,NA,S,6,0,0,0,0,low,adult,test
1107,NA,1,0,42,42.5,B,S,0,1,0,0,0,med,old,test
1108,NA,3,1,27.148268952358006,7.8792,NA,Q,0,0,0,0,0,low,adult,test
1109,NA,1,0,57,164.8667,NA,S,2,1,1,1,0,high,old,test
1110,NA,1,1,50,211.5,C,C,2,1,1,1,0,very_high,old,test
1111,NA,3,0,27.148268952358006,8.05,NA,S,0,1,0,0,0,low,adult,test
1112,NA,2,1,30,13.8583,NA,C,1,0,0,0,0,low,adult,test
1113,NA,3,0,21,8.05,NA,S,0,1,0,0,0,low,adult,test
1114,NA,2,1,22,10.5,F,S,0,1,0,0,0,low,adult,test
1115,NA,3,0,21,7.7958,NA,S,0,1,0,0,0,low,adult,test
1116,NA,1,1,53,27.4458,NA,C,0,1,0,0,0,low,old,test
1117,NA,3,1,24.757583188893555,15.2458,NA,C,2,1,0,1,0,low,adult,test
1118,NA,3,0,23,7.7958,NA,S,0,1,0,0,0,low,adult,test
1119,NA,3,1,27.148268952358006,7.75,NA,Q,0,0,0,0,0,low,adult,test
1120,NA,3,0,40.5,15.1,NA,S,0,1,0,0,0,low,old,test
1121,NA,2,0,36,13,NA,S,0,1,0,0,0,low,adult,test
1122,NA,2,0,14,65,NA,S,0,1,0,0,0,med,teenager,test
1123,NA,1,1,21,26.55,NA,S,0,0,0,0,0,low,adult,test
1124,NA,3,0,21,6.4958,NA,S,1,1,1,0,0,low,adult,test
1125,NA,3,0,27.148268952358006,7.8792,NA,Q,0,1,0,0,0,low,adult,test
1126,NA,1,0,39,71.2833,C,C,1,1,1,0,0,med,adult,test
1127,NA,3,0,20,7.8542,NA,S,0,1,0,0,0,low,adult,test
1128,NA,1,0,64,75.25,D,C,1,1,1,0,0,med,old,test
1129,NA,3,0,20,7.225,NA,C,0,1,0,0,0,low,adult,test
1130,NA,2,1,18,13,NA,S,2,0,0,0,0,low,teenager,test
1131,NA,1,1,48,106.425,C,C,1,1,1,0,0,high,old,test
1132,NA,1,1,55,27.7208,NA,C,0,1,0,0,0,low,old,test
1133,NA,2,1,45,30,NA,S,2,1,0,1,0,med,old,test
1134,NA,1,0,45,134.5,E,C,2,1,1,1,0,high,old,test
1135,NA,3,0,27.148268952358006,7.8875,NA,S,0,1,0,0,0,low,adult,test
1136,NA,3,0,21.551512379430804,23.45,NA,S,3,0,0,0,0,low,adult,test
1137,NA,1,0,41,51.8625,D,S,1,1,1,0,0,med,old,test
1138,NA,2,1,22,21,NA,S,0,1,0,0,0,low,adult,test
1139,NA,2,0,42,32.5,NA,S,2,1,1,1,1,med,old,test
1140,NA,2,1,29,26,NA,S,1,1,1,0,0,low,adult,test
1141,NA,3,1,23.942198142895254,14.4542,NA,C,1,1,1,0,0,low,adult,test
1142,NA,2,1,0.92,27.75,NA,S,3,0,0,0,0,low,infant,test
1143,NA,3,0,20,7.925,NA,S,0,1,0,0,0,low,adult,test
1144,NA,1,0,27,136.7792,C,C,1,1,1,0,0,high,adult,test
1145,NA,3,0,24,9.325,NA,S,0,1,0,0,0,low,adult,test
1146,NA,3,0,32.5,9.5,NA,S,0,1,0,0,0,low,adult,test
1147,NA,3,0,27.148268952358006,7.55,NA,S,0,1,0,0,0,low,adult,test
1148,NA,3,0,27.148268952358006,7.75,NA,Q,0,1,0,0,0,low,adult,test
1149,NA,3,0,28,8.05,NA,S,0,1,0,0,0,low,adult,test
1150,NA,2,1,19,13,NA,S,0,0,0,0,0,low,teenager,test
1151,NA,3,0,21,7.775,NA,S,0,1,0,0,0,low,adult,test
1152,NA,3,0,36.5,17.4,NA,S,1,1,1,0,0,low,adult,test
1153,NA,3,0,21,7.8542,NA,S,0,1,0,0,0,low,adult,test
1154,NA,2,1,29,23,NA,S,2,1,0,1,0,low,adult,test
1155,NA,3,1,1,12.1833,NA,S,2,0,0,0,0,low,infant,test
1156,NA,2,0,30,12.7375,NA,C,0,1,0,0,0,low,adult,test
1157,NA,3,0,27.148268952358006,7.8958,NA,S,0,1,0,0,0,low,adult,test
1158,NA,1,0,41.17638970577516,0,NA,S,0,1,0,0,0,low,old,test
1159,NA,3,0,27.148268952358006,7.55,NA,S,0,1,0,0,0,low,adult,test
1160,NA,3,1,27.148268952358006,8.05,NA,S,0,0,0,0,0,low,adult,test
1161,NA,3,0,17,8.6625,NA,S,0,1,0,0,0,low,teenager,test
1162,NA,1,0,46,75.2417,C,C,0,1,0,0,0,med,old,test
1163,NA,3,0,27.148268952358006,7.75,NA,Q,0,1,0,0,0,low,adult,test
1164,NA,1,1,26,136.7792,C,C,1,1,1,0,0,high,adult,test
1165,NA,3,1,23.942198142895254,15.5,NA,Q,1,0,0,0,0,low,adult,test
1166,NA,3,0,27.148268952358006,7.225,NA,C,0,1,0,0,0,low,adult,test
1167,NA,2,1,20,26,NA,S,1,0,0,0,0,low,adult,test
1168,NA,2,0,28,10.5,NA,S,0,1,0,0,0,low,adult,test
1169,NA,2,0,40,26,NA,S,1,1,1,0,0,low,old,test
1170,NA,2,0,30,21,NA,S,1,1,1,0,0,low,adult,test
1171,NA,2,0,22,10.5,NA,S,0,1,0,0,0,low,adult,test
1172,NA,3,1,23,8.6625,NA,S,0,0,0,0,0,low,adult,test
1173,NA,3,0,0.75,13.775,NA,S,2,0,0,0,0,low,infant,test
1174,NA,3,1,27.148268952358006,7.75,NA,Q,0,0,0,0,0,low,adult,test
1175,NA,3,1,9,15.2458,NA,C,2,0,0,0,0,low,child,test
1176,NA,3,1,2,20.2125,NA,S,2,0,0,0,0,low,infant,test
1177,NA,3,0,36,7.25,NA,S,0,1,0,0,0,low,adult,test
1178,NA,3,0,27.148268952358006,7.25,NA,S,0,1,0,0,0,low,adult,test
1179,NA,1,0,24,82.2667,B,S,1,1,1,0,0,med,adult,test
1180,NA,3,0,27.148268952358006,7.2292,F,C,0,1,0,0,0,low,adult,test
1181,NA,3,0,27.148268952358006,8.05,NA,S,0,1,0,0,0,low,adult,test
1182,NA,1,0,41.17638970577516,39.6,NA,S,0,1,0,0,0,med,old,test
1183,NA,3,1,30,6.95,NA,Q,0,0,0,0,0,low,adult,test
1184,NA,3,0,27.148268952358006,7.2292,NA,C,0,1,0,0,0,low,adult,test
1185,NA,1,0,53,81.8583,A,S,2,0,0,0,1,med,old,test
1186,NA,3,0,36,9.5,NA,S,0,1,0,0,0,low,adult,test
1187,NA,3,0,26,7.8958,NA,S,0,1,0,0,0,low,adult,test
1188,NA,2,1,1,41.5792,NA,C,3,0,0,0,0,med,infant,test
1189,NA,3,0,20.736127333432503,21.6792,NA,C,2,1,1,0,0,low,adult,test
1190,NA,1,0,30,45.5,NA,S,0,1,0,0,0,med,adult,test
1191,NA,3,0,29,7.8542,NA,S,0,1,0,0,0,low,adult,test
1192,NA,3,0,32,7.775,NA,S,0,1,0,0,0,low,adult,test
1193,NA,2,0,31.312784261180596,15.0458,D,C,0,1,0,0,0,low,adult,test
1194,NA,2,0,43,21,NA,S,1,1,0,1,0,low,old,test
1195,NA,3,0,24,8.6625,NA,S,0,1,0,0,0,low,adult,test
1196,NA,3,1,27.148268952358006,7.75,NA,Q,0,0,0,0,0,low,adult,test
1197,NA,1,1,64,26.55,B,S,2,1,1,1,0,low,old,test
1198,NA,1,0,30,151.55,C,S,3,1,1,1,0,high,adult,test
1199,NA,3,0,0.83,9.35,NA,S,1,0,0,0,0,low,infant,test
1200,NA,1,0,55,93.5,B,S,2,1,1,1,0,med,old,test
1201,NA,3,1,45,14.1083,NA,S,1,1,1,0,0,low,old,test
1202,NA,3,0,18,8.6625,NA,S,0,1,0,0,0,low,teenager,test
1203,NA,3,0,22,7.225,NA,C,0,1,0,0,0,low,adult,test
1204,NA,3,0,27.148268952358006,7.575,NA,S,0,1,0,0,0,low,adult,test
1205,NA,3,1,37,7.75,NA,Q,0,0,0,0,0,low,adult,test
1206,NA,1,1,55,135.6333,C,C,0,1,0,0,0,high,old,test
1207,NA,3,1,17,7.7333,NA,Q,0,0,0,0,0,low,teenager,test
1208,NA,1,0,57,146.5208,B,C,1,1,1,0,0,high,old,test
1209,NA,2,0,19,10.5,NA,S,0,1,0,0,0,low,teenager,test
1210,NA,3,0,27,7.8542,NA,S,0,1,0,0,0,low,adult,test
1211,NA,2,0,22,31.5,NA,S,2,1,1,0,0,med,adult,test
1212,NA,3,0,26,7.775,NA,S,0,1,0,0,0,low,adult,test
1213,NA,3,0,25,7.2292,F,C,0,1,0,0,0,low,adult,test
1214,NA,2,0,26,13,F,S,0,1,0,0,0,low,adult,test
1215,NA,1,0,33,26.55,NA,S,0,1,0,0,0,low,adult,test
1216,NA,1,1,39,211.3375,NA,S,0,0,0,0,0,very_high,adult,test
1217,NA,3,0,23,7.05,NA,S,0,1,0,0,0,low,adult,test
1218,NA,2,1,12,39,F,S,3,0,0,0,0,med,teenager,test
1219,NA,1,0,46,79.2,NA,C,0,1,0,0,0,med,old,test
1220,NA,2,0,29,26,NA,S,1,1,1,0,0,low,adult,test
1221,NA,2,0,21,13,NA,S,0,1,0,0,0,low,adult,test
1222,NA,2,1,48,36.75,NA,S,2,1,0,1,0,med,old,test
1223,NA,1,0,39,29.7,A,C,0,1,0,0,0,low,adult,test
1224,NA,3,0,27.148268952358006,7.225,NA,C,0,1,0,0,0,low,adult,test
1225,NA,3,1,19,15.7417,NA,C,2,1,1,1,0,low,teenager,test
1226,NA,3,0,27,7.8958,NA,S,0,1,0,0,0,low,adult,test
1227,NA,1,0,30,26,C,S,0,1,0,0,0,low,adult,test
1228,NA,2,0,32,13,NA,S,0,1,0,0,0,low,adult,test
1229,NA,3,0,39,7.2292,NA,C,2,1,0,1,0,low,adult,test
1230,NA,2,0,25,31.5,NA,S,0,1,0,0,0,med,adult,test
1231,NA,3,0,27.148268952358006,7.2292,NA,C,0,0,0,0,0,low,adult,test
1232,NA,2,0,18,10.5,NA,S,0,1,0,0,0,low,teenager,test
1233,NA,3,0,32,7.5792,NA,S,0,1,0,0,0,low,adult,test
1234,NA,3,0,13.184112207305219,69.55,NA,S,10,1,1,1,0,med,teenager,test
1235,NA,1,1,58,512.3292,B,C,1,1,0,1,1,very_high,old,test
1236,NA,3,0,22.746855261163027,14.5,NA,S,2,0,0,0,0,low,adult,test
1237,NA,3,1,16,7.65,NA,S,0,0,0,0,0,low,teenager,test
1238,NA,2,0,26,13,NA,S,0,1,0,0,0,low,adult,test
1239,NA,3,1,38,7.2292,NA,C,0,1,0,0,0,low,adult,test
1240,NA,2,0,24,13.5,NA,S,0,1,0,0,0,low,adult,test
1241,NA,2,1,31,21,NA,S,0,0,0,0,0,low,adult,test
1242,NA,1,1,45,63.3583,D,C,1,1,0,1,0,med,old,test
1243,NA,2,0,25,10.5,NA,S,0,1,0,0,0,low,adult,test
1244,NA,2,0,18,73.5,NA,S,0,1,0,0,0,med,teenager,test
1245,NA,2,0,49,65,NA,S,3,1,1,1,0,med,old,test
1246,NA,3,1,0.17,20.575,NA,S,3,0,0,0,0,low,infant,test
1247,NA,1,0,50,26,E,S,0,1,0,0,0,low,old,test
1248,NA,1,1,59,51.4792,C,S,2,1,1,0,0,med,old,test
1249,NA,3,0,27.148268952358006,7.8792,NA,S,0,1,0,0,0,low,adult,test
1250,NA,3,0,27.148268952358006,7.75,NA,Q,0,1,0,0,0,low,adult,test
1251,NA,3,1,30,15.55,NA,S,1,1,1,0,0,low,adult,test
1252,NA,3,0,14.5,69.55,NA,S,10,0,0,0,0,med,teenager,test
1253,NA,2,1,24,37.0042,NA,C,2,1,1,1,0,med,adult,test
1254,NA,2,1,31,21,NA,S,0,1,0,0,0,low,adult,test
1255,NA,3,0,27,8.6625,NA,S,0,1,0,0,0,low,adult,test
1256,NA,1,1,25,55.4417,E,C,1,1,1,0,0,med,adult,test
1257,NA,3,1,13.184112207305219,69.55,NA,S,10,1,1,1,0,med,teenager,test
1258,NA,3,0,23.942198142895254,14.4583,NA,C,1,1,1,0,0,low,adult,test
1259,NA,3,1,22,39.6875,NA,S,0,0,0,0,0,med,adult,test
1260,NA,1,1,45,59.4,NA,C,1,1,0,1,0,med,old,test
1261,NA,2,0,29,13.8583,NA,C,0,1,0,0,0,low,adult,test
1262,NA,2,0,21,11.5,NA,S,1,1,1,0,0,low,adult,test
1263,NA,1,1,31,134.5,E,C,0,0,0,0,0,high,adult,test
1264,NA,1,0,49,0,B,S,0,1,0,0,0,low,old,test
1265,NA,2,0,44,13,NA,S,0,1,0,0,0,low,old,test
1266,NA,1,1,54,81.8583,A,S,2,1,1,1,0,med,old,test
1267,NA,1,1,45,262.375,NA,C,0,0,0,0,0,very_high,old,test
1268,NA,3,1,22,8.6625,NA,S,2,0,0,0,0,low,adult,test
1269,NA,2,0,21,11.5,NA,S,0,1,0,0,0,low,adult,test
1270,NA,1,0,55,50,C,S,0,1,0,0,0,med,old,test
1271,NA,3,0,5,31.3875,NA,S,6,0,0,0,0,med,child,test
1272,NA,3,0,27.148268952358006,7.75,NA,Q,0,1,0,0,0,low,adult,test
1273,NA,3,0,26,7.8792,NA,Q,0,1,0,0,0,low,adult,test
1274,NA,3,1,27.148268952358006,14.5,NA,S,0,1,0,0,0,low,adult,test
1275,NA,3,1,19,16.1,NA,S,1,1,1,0,0,low,teenager,test
1276,NA,2,0,31.312784261180596,12.875,NA,S,0,1,0,0,0,low,adult,test
1277,NA,2,1,24,65,NA,S,3,0,0,0,0,med,adult,test
1278,NA,3,0,24,7.775,NA,S,0,1,0,0,0,low,adult,test
1279,NA,2,0,57,13,NA,S,0,1,0,0,0,low,old,test
1280,NA,3,0,21,7.75,NA,Q,0,1,0,0,0,low,adult,test
1281,NA,3,0,6,21.075,NA,S,4,0,0,0,0,low,child,test
1282,NA,1,0,23,93.5,B,S,0,1,0,0,0,med,adult,test
1283,NA,1,1,51,39.4,D,S,1,1,0,1,0,med,old,test
1284,NA,3,0,13,20.25,NA,S,2,0,0,0,0,low,teenager,test
1285,NA,2,0,47,10.5,NA,S,0,1,0,0,0,low,old,test
1286,NA,3,0,29,22.025,NA,S,4,1,1,1,0,low,adult,test
1287,NA,1,1,18,60,C,S,1,1,1,0,0,med,teenager,test
1288,NA,3,0,24,7.25,NA,Q,0,1,0,0,1,low,adult,test
1289,NA,1,1,48,79.2,B,C,2,1,1,1,0,med,old,test
1290,NA,3,0,22,7.775,NA,S,0,1,0,0,0,low,adult,test
1291,NA,3,0,31,7.7333,NA,Q,0,1,0,0,0,low,adult,test
1292,NA,1,1,30,164.8667,C,S,0,0,0,0,0,high,adult,test
1293,NA,2,0,38,21,NA,S,1,1,1,0,0,low,adult,test
1294,NA,1,1,22,59.4,NA,C,1,0,0,0,0,med,adult,test
1295,NA,1,0,17,47.1,NA,S,0,1,0,0,0,med,teenager,test
1296,NA,1,0,43,27.7208,D,C,1,1,1,0,0,low,old,test
1297,NA,2,0,20,13.8625,D,C,0,1,0,0,1,low,adult,test
1298,NA,2,0,23,10.5,NA,S,1,1,1,0,0,low,adult,test
1299,NA,1,0,50,211.5,C,C,2,1,1,1,0,very_high,old,test
1300,NA,3,1,27.148268952358006,7.7208,NA,Q,0,0,0,0,0,low,adult,test
1301,NA,3,1,3,13.775,NA,S,2,0,0,0,0,low,infant,test
1302,NA,3,1,27.148268952358006,7.75,NA,Q,0,0,0,0,0,low,adult,test
1303,NA,1,1,37,90,C,Q,1,1,1,0,0,med,adult,test
1304,NA,3,1,28,7.775,NA,S,0,0,0,0,0,low,adult,test
1305,NA,3,0,27.148268952358006,8.05,NA,S,0,1,0,0,0,low,adult,test
1306,NA,1,1,39,108.9,C,C,0,0,0,0,0,high,adult,test
1307,NA,3,0,38.5,7.25,NA,S,0,1,0,0,0,low,adult,test
1308,NA,3,0,27.148268952358006,8.05,NA,S,0,1,0,0,0,low,adult,test
1309,NA,3,0,22.746855261163027,22.3583,NA,C,2,0,0,0,0,low,adult,test
